access,bw(MiB/s),IOPS,Latency,block(KiB),xfer(KiB),open(s),wr/rd(s),close(s),total(s),numTasks,iter,n,ppn,tx,filename,bw_GiB_s
write,1630644.2612,103035.6568,0.0385,131072.0,16384.0,0.0067,0.318,0.0212,0.3215,256,0,16,16,16M,ior_rw_n-16_ppn-16_tx-16M_1782531633.csv,1592.426036328125
read,1543535.9976,97398.5885,0.0408,131072.0,16384.0,0.0064,0.3364,0.0159,0.3397,256,0,16,16,16M,ior_rw_n-16_ppn-16_tx-16M_1782531633.csv,1507.35937265625
write,1623318.2929,102531.4154,0.0382,131072.0,16384.0,0.0074,0.3196,0.0263,0.323,256,1,16,16,16M,ior_rw_n-16_ppn-16_tx-16M_1782531633.csv,1585.2717704101563
read,1625104.5743,102616.7726,0.0388,131072.0,16384.0,0.0066,0.3193,0.0192,0.3226,256,1,16,16,16M,ior_rw_n-16_ppn-16_tx-16M_1782531633.csv,1587.0161858398437
write,1631780.4663,103095.2464,0.038,131072.0,16384.0,0.0068,0.3178,0.0261,0.3213,256,2,16,16,16M,ior_rw_n-16_ppn-16_tx-16M_1782531633.csv,1593.5356116210937
read,1539529.0418,97184.8106,0.0408,131072.0,16384.0,0.0068,0.3372,0.0184,0.3406,256,2,16,16,16M,ior_rw_n-16_ppn-16_tx-16M_1782531633.csv,1503.4463298828125
write,1638697.0265,103522.8883,0.037,131072.0,16384.0,0.0067,0.3165,0.0219,0.3199,256,3,16,16,16M,ior_rw_n-16_ppn-16_tx-16M_1782531633.csv,1600.2900649414062
read,1527672.3602,96416.4526,0.0414,131072.0,16384.0,0.0066,0.3399,0.0164,0.3432,256,3,16,16,16M,ior_rw_n-16_ppn-16_tx-16M_1782531633.csv,1491.8675392578125
write,1631532.2779,103056.2851,0.0387,131072.0,16384.0,0.0066,0.318,0.025,0.3213,256,4,16,16,16M,ior_rw_n-16_ppn-16_tx-16M_1782531633.csv,1593.2932401367189
read,1535066.9067,96882.5582,0.0416,131072.0,16384.0,0.0065,0.3382,0.0143,0.3415,256,4,16,16,16M,ior_rw_n-16_ppn-16_tx-16M_1782531633.csv,1499.0887760742187
write,1637897.5662,103421.9295,0.0373,131072.0,16384.0,0.0064,0.3168,0.0216,0.3201,256,5,16,16,16M,ior_rw_n-16_ppn-16_tx-16M_1782531633.csv,1599.5093419921875
read,1539216.5377,97111.6782,0.0401,131072.0,16384.0,0.0064,0.3374,0.0164,0.3406,256,5,16,16,16M,ior_rw_n-16_ppn-16_tx-16M_1782531633.csv,1503.1411500976562
write,1642649.617,103749.7497,0.0386,131072.0,16384.0,0.0065,0.3158,0.0254,0.3192,256,6,16,16,16M,ior_rw_n-16_ppn-16_tx-16M_1782531633.csv,1604.1500166015626
read,1526476.1719,96304.5061,0.0409,131072.0,16384.0,0.0063,0.3403,0.0181,0.3435,256,6,16,16,16M,ior_rw_n-16_ppn-16_tx-16M_1782531633.csv,1490.6993866210937
write,1638610.3297,103453.6137,0.0373,131072.0,16384.0,0.0063,0.3167,0.0246,0.32,256,7,16,16,16M,ior_rw_n-16_ppn-16_tx-16M_1782531633.csv,1600.2054000976561
read,1536608.3141,96930.3875,0.0401,131072.0,16384.0,0.0062,0.3381,0.0169,0.3412,256,7,16,16,16M,ior_rw_n-16_ppn-16_tx-16M_1782531633.csv,1500.5940567382813
write,1647067.7826,104069.7247,0.0387,131072.0,16384.0,0.0068,0.3149,0.0204,0.3183,256,8,16,16,16M,ior_rw_n-16_ppn-16_tx-16M_1782531633.csv,1608.4646314453125
read,1534908.3291,96892.052,0.0412,131072.0,16384.0,0.0067,0.3382,0.014,0.3416,256,8,16,16,16M,ior_rw_n-16_ppn-16_tx-16M_1782531633.csv,1498.9339151367187
write,1633204.4674,103150.7243,0.0377,131072.0,16384.0,0.0066,0.3177,0.0241,0.321,256,9,16,16,16M,ior_rw_n-16_ppn-16_tx-16M_1782531633.csv,1594.9262376953125
read,1536703.8823,96977.1692,0.041,131072.0,16384.0,0.0065,0.3379,0.0126,0.3412,256,9,16,16,16M,ior_rw_n-16_ppn-16_tx-16M_1782531633.csv,1500.6873850585937
write,792458.2326,398428.4899,0.0099,131072.0,2048.0,0.0069,0.6579,0.0282,0.6616,256,0,16,16,2M,ior_rw_n-16_ppn-16_tx-2M_1782531607.csv,773.8849927734375
read,465650.9814,233517.5177,0.0173,131072.0,2048.0,0.0066,1.1226,0.0161,1.1259,256,0,16,16,2M,ior_rw_n-16_ppn-16_tx-2M_1782531607.csv,454.7372865234375
write,799843.7632,402094.7572,0.0099,131072.0,2048.0,0.0069,0.6519,0.0257,0.6555,256,1,16,16,2M,ior_rw_n-16_ppn-16_tx-2M_1782531607.csv,781.097425
read,460755.3827,231068.7215,0.0175,131072.0,2048.0,0.0068,1.1345,0.0169,1.1379,256,1,16,16,2M,ior_rw_n-16_ppn-16_tx-2M_1782531607.csv,449.95642841796877
write,799723.0477,402015.2204,0.0099,131072.0,2048.0,0.0068,0.6521,0.0297,0.6556,256,2,16,16,2M,ior_rw_n-16_ppn-16_tx-2M_1782531607.csv,780.9795387695312
read,466274.198,233852.7158,0.0173,131072.0,2048.0,0.0068,1.121,0.0148,1.1244,256,2,16,16,2M,ior_rw_n-16_ppn-16_tx-2M_1782531607.csv,455.345896484375
write,804706.2764,404438.3012,0.0099,131072.0,2048.0,0.0066,0.6482,0.0241,0.6515,256,3,16,16,2M,ior_rw_n-16_ppn-16_tx-2M_1782531607.csv,785.845973046875
read,466186.2227,233778.6799,0.0173,131072.0,2048.0,0.0065,1.1213,0.0145,1.1246,256,3,16,16,2M,ior_rw_n-16_ppn-16_tx-2M_1782531607.csv,455.25998310546873
write,806197.5942,405268.631,0.01,131072.0,2048.0,0.0068,0.6468,0.0195,0.6503,256,4,16,16,2M,ior_rw_n-16_ppn-16_tx-2M_1782531607.csv,787.3023380859375
read,464048.4934,232733.4809,0.0175,131072.0,2048.0,0.0069,1.1264,0.0193,1.1298,256,4,16,16,2M,ior_rw_n-16_ppn-16_tx-2M_1782531607.csv,453.1723568359375
write,807753.787,405971.6254,0.0099,131072.0,2048.0,0.0066,0.6457,0.0193,0.6491,256,5,16,16,2M,ior_rw_n-16_ppn-16_tx-2M_1782531607.csv,788.8220576171875
read,465245.1885,233322.3753,0.0173,131072.0,2048.0,0.0067,1.1235,0.0167,1.1269,256,5,16,16,2M,ior_rw_n-16_ppn-16_tx-2M_1782531607.csv,454.34100439453124
write,807354.6164,405757.9855,0.0099,131072.0,2048.0,0.0065,0.6461,0.0244,0.6494,256,6,16,16,2M,ior_rw_n-16_ppn-16_tx-2M_1782531607.csv,788.432242578125
read,465635.2054,233493.0203,0.0173,131072.0,2048.0,0.0064,1.1227,0.0162,1.126,256,6,16,16,2M,ior_rw_n-16_ppn-16_tx-2M_1782531607.csv,454.7218802734375
write,806100.956,405106.4716,0.0098,131072.0,2048.0,0.0073,0.6471,0.0227,0.6504,256,7,16,16,2M,ior_rw_n-16_ppn-16_tx-2M_1782531607.csv,787.20796484375
read,459138.5148,230215.424,0.0175,131072.0,2048.0,0.0063,1.1387,0.0196,1.1419,256,7,16,16,2M,ior_rw_n-16_ppn-16_tx-2M_1782531607.csv,448.377455859375
write,811389.0123,407940.7273,0.0098,131072.0,2048.0,0.007,0.6426,0.0182,0.6462,256,8,16,16,2M,ior_rw_n-16_ppn-16_tx-2M_1782531607.csv,792.3720823242187
read,465108.9009,233276.8824,0.0174,131072.0,2048.0,0.0069,1.1237,0.0194,1.1272,256,8,16,16,2M,ior_rw_n-16_ppn-16_tx-2M_1782531607.csv,454.20791103515626
write,811577.668,407958.5878,0.0098,131072.0,2048.0,0.0067,0.6426,0.0174,0.646,256,9,16,16,2M,ior_rw_n-16_ppn-16_tx-2M_1782531607.csv,792.55631640625
read,464602.0417,233001.1369,0.0174,131072.0,2048.0,0.0067,1.1251,0.0173,1.1285,256,9,16,16,2M,ior_rw_n-16_ppn-16_tx-2M_1782531607.csv,453.71293134765625
write,1947791.2914,122162.122,0.1312,131072.0,16384.0,0.0073,1.0729,0.0635,1.0767,512,0,16,32,16M,ior_rw_n-16_ppn-32_tx-16M_1782531693.csv,1902.1399330078125
read,1783207.38,111783.45,0.1426,131072.0,16384.0,0.007,1.1726,0.0681,1.1761,512,0,16,32,16M,ior_rw_n-16_ppn-32_tx-16M_1782531693.csv,1741.41345703125
write,1946652.4222,122052.226,0.1326,131072.0,16384.0,0.0066,1.0739,0.0588,1.0773,512,1,16,32,16M,ior_rw_n-16_ppn-32_tx-16M_1782531693.csv,1901.0277560546874
read,1768445.6464,110831.1399,0.144,131072.0,16384.0,0.0065,1.1826,0.0712,1.1859,512,1,16,32,16M,ior_rw_n-16_ppn-32_tx-16M_1782531693.csv,1726.9977015625
write,1951933.8103,122353.5826,0.13,131072.0,16384.0,0.0063,1.0713,0.0615,1.0744,512,2,16,32,16M,ior_rw_n-16_ppn-32_tx-16M_1782531693.csv,1906.1853616210938
read,1780461.2881,111568.3007,0.1445,131072.0,16384.0,0.0061,1.1748,0.0609,1.1779,512,2,16,32,16M,ior_rw_n-16_ppn-32_tx-16M_1782531693.csv,1738.7317266601563
write,1945063.5958,121945.3677,0.1299,131072.0,16384.0,0.0066,1.0748,0.0689,1.0782,512,3,16,32,16M,ior_rw_n-16_ppn-32_tx-16M_1782531693.csv,1899.4761677734375
read,1783832.6408,111799.3628,0.1446,131072.0,16384.0,0.0066,1.1724,0.0582,1.1756,512,3,16,32,16M,ior_rw_n-16_ppn-32_tx-16M_1782531693.csv,1742.02406328125
write,1943084.5328,121824.0898,0.1283,131072.0,16384.0,0.0068,1.0759,0.0602,1.0793,512,4,16,32,16M,ior_rw_n-16_ppn-32_tx-16M_1782531693.csv,1897.5434890625
read,1791502.1905,112285.6947,0.1415,131072.0,16384.0,0.0081,1.1673,0.0728,1.1706,512,4,16,32,16M,ior_rw_n-16_ppn-32_tx-16M_1782531693.csv,1749.5138579101563
write,1952363.1584,122415.619,0.1327,131072.0,16384.0,0.0069,1.0707,0.0532,1.0742,512,5,16,32,16M,ior_rw_n-16_ppn-32_tx-16M_1782531693.csv,1906.604646875
read,1781053.9699,111635.2928,0.1402,131072.0,16384.0,0.0067,1.1741,0.0617,1.1775,512,5,16,32,16M,ior_rw_n-16_ppn-32_tx-16M_1782531693.csv,1739.3105174804687
write,1944578.5547,121936.0633,0.1303,131072.0,16384.0,0.0071,1.0749,0.068,1.0785,512,6,16,32,16M,ior_rw_n-16_ppn-32_tx-16M_1782531693.csv,1899.0024948242187
read,1779405.2452,111540.8429,0.1431,131072.0,16384.0,0.0069,1.1751,0.0683,1.1786,512,6,16,32,16M,ior_rw_n-16_ppn-32_tx-16M_1782531693.csv,1737.700434765625
write,1946359.5147,122023.8079,0.1304,131072.0,16384.0,0.0066,1.0742,0.0585,1.0775,512,7,16,32,16M,ior_rw_n-16_ppn-32_tx-16M_1782531693.csv,1900.7417135742187
read,1776657.2056,111348.0237,0.145,131072.0,16384.0,0.0064,1.1771,0.0716,1.1804,512,7,16,32,16M,ior_rw_n-16_ppn-32_tx-16M_1782531693.csv,1735.01680234375
write,1946157.1154,122016.5497,0.1305,131072.0,16384.0,0.0067,1.0742,0.0603,1.0776,512,8,16,32,16M,ior_rw_n-16_ppn-32_tx-16M_1782531693.csv,1900.5440580078125
read,1781125.0173,111630.6232,0.141,131072.0,16384.0,0.0065,1.1742,0.0737,1.1774,512,8,16,32,16M,ior_rw_n-16_ppn-32_tx-16M_1782531693.csv,1739.3798997070312
write,1946249.2664,122007.6948,0.1305,131072.0,16384.0,0.0065,1.0743,0.0647,1.0775,512,9,16,32,16M,ior_rw_n-16_ppn-32_tx-16M_1782531693.csv,1900.63404921875
read,1790614.8878,112214.2779,0.1447,131072.0,16384.0,0.0073,1.1681,0.0705,1.1712,512,9,16,32,16M,ior_rw_n-16_ppn-32_tx-16M_1782531693.csv,1748.6473513671874
write,1424203.2694,713808.4461,0.0225,131072.0,2048.0,0.0069,1.469,0.0577,1.4725,512,0,16,32,2M,ior_rw_n-16_ppn-32_tx-2M_1782531647.csv,1390.8235052734376
read,899108.9984,450186.3997,0.036,131072.0,2048.0,0.0065,2.3292,0.0385,2.3325,512,0,16,32,2M,ior_rw_n-16_ppn-32_tx-2M_1782531647.csv,878.03613125
write,1414889.4178,709091.399,0.0225,131072.0,2048.0,0.0067,1.4788,0.0728,1.4822,512,1,16,32,2M,ior_rw_n-16_ppn-32_tx-2M_1782531647.csv,1381.7279470703124
read,911667.261,456509.1897,0.0354,131072.0,2048.0,0.0068,2.2969,0.0354,2.3003,512,1,16,32,2M,ior_rw_n-16_ppn-32_tx-2M_1782531647.csv,890.3000595703126
write,1432965.5854,718113.7144,0.0224,131072.0,2048.0,0.0065,1.4602,0.0423,1.4635,512,2,16,32,2M,ior_rw_n-16_ppn-32_tx-2M_1782531647.csv,1399.3804544921875
read,921881.4381,461603.023,0.0352,131072.0,2048.0,0.0066,2.2716,0.0395,2.2749,512,2,16,32,2M,ior_rw_n-16_ppn-32_tx-2M_1782531647.csv,900.2748418945313
write,1443551.2005,723428.2357,0.0225,131072.0,2048.0,0.0065,1.4495,0.0417,1.4528,512,3,16,32,2M,ior_rw_n-16_ppn-32_tx-2M_1782531647.csv,1409.7179692382813
read,904843.4869,453056.602,0.0359,131072.0,2048.0,0.0065,2.3144,0.033,2.3177,512,3,16,32,2M,ior_rw_n-16_ppn-32_tx-2M_1782531647.csv,883.6362176757813
write,1447900.3399,725633.0225,0.0223,131072.0,2048.0,0.0066,1.4451,0.0373,1.4484,512,4,16,32,2M,ior_rw_n-16_ppn-32_tx-2M_1782531647.csv,1413.9651756835938
read,909050.4463,455173.7286,0.0357,131072.0,2048.0,0.0065,2.3037,0.0356,2.307,512,4,16,32,2M,ior_rw_n-16_ppn-32_tx-2M_1782531647.csv,887.7445764648437
write,1445194.3479,724211.2407,0.0226,131072.0,2048.0,0.0063,1.4479,0.0389,1.4511,512,5,16,32,2M,ior_rw_n-16_ppn-32_tx-2M_1782531647.csv,1411.3226053710937
read,909766.1392,455511.8381,0.0357,131072.0,2048.0,0.0063,2.302,0.0353,2.3052,512,5,16,32,2M,ior_rw_n-16_ppn-32_tx-2M_1782531647.csv,888.4434953125
write,1418998.4104,711203.6697,0.0229,131072.0,2048.0,0.0069,1.4744,0.0388,1.4779,512,6,16,32,2M,ior_rw_n-16_ppn-32_tx-2M_1782531647.csv,1385.74063515625
read,928496.0099,464968.2689,0.035,131072.0,2048.0,0.0069,2.2552,0.0389,2.2587,512,6,16,32,2M,ior_rw_n-16_ppn-32_tx-2M_1782531647.csv,906.7343846679687
write,1444424.9616,723888.3274,0.0223,131072.0,2048.0,0.0066,1.4485,0.0404,1.4519,512,7,16,32,2M,ior_rw_n-16_ppn-32_tx-2M_1782531647.csv,1410.5712515625
read,909145.7193,455222.5377,0.0356,131072.0,2048.0,0.0065,2.3034,0.0358,2.3067,512,7,16,32,2M,ior_rw_n-16_ppn-32_tx-2M_1782531647.csv,887.8376165039062
write,1447045.2232,725200.0068,0.0222,131072.0,2048.0,0.0065,1.4459,0.0353,1.4493,512,8,16,32,2M,ior_rw_n-16_ppn-32_tx-2M_1782531647.csv,1413.13010078125
read,904678.672,452970.6974,0.0357,131072.0,2048.0,0.0064,2.3149,0.035,2.3181,512,8,16,32,2M,ior_rw_n-16_ppn-32_tx-2M_1782531647.csv,883.475265625
write,1438994.5438,721205.11,0.0224,131072.0,2048.0,0.0067,1.4539,0.05,1.4574,512,9,16,32,2M,ior_rw_n-16_ppn-32_tx-2M_1782531647.csv,1405.2681091796876
read,907446.3066,454382.1858,0.0358,131072.0,2048.0,0.0066,2.3077,0.04,2.311,512,9,16,32,2M,ior_rw_n-16_ppn-32_tx-2M_1782531647.csv,886.1780337890625
write,2021852.9952,126571.0822,0.2877,131072.0,16384.0,0.0074,2.33,0.1107,2.3338,768,0,16,48,16M,ior_rw_n-16_ppn-48_tx-16M_1782531799.csv,1974.465815625
read,1872979.5533,117227.7219,0.3101,131072.0,16384.0,0.0073,2.5157,0.1248,2.5193,768,0,16,48,16M,ior_rw_n-16_ppn-48_tx-16M_1782531799.csv,1829.0815950195313
write,2030020.4446,127070.4169,0.2839,131072.0,16384.0,0.0071,2.3209,0.0955,2.3244,768,1,16,48,16M,ior_rw_n-16_ppn-48_tx-16M_1782531799.csv,1982.4418404296875
read,1867390.1237,116867.7825,0.3104,131072.0,16384.0,0.007,2.5235,0.1263,2.5268,768,1,16,48,16M,ior_rw_n-16_ppn-48_tx-16M_1782531799.csv,1823.6231676757814
write,2024106.0804,126701.9747,0.2873,131072.0,16384.0,0.0073,2.3276,0.1505,2.3312,768,2,16,48,16M,ior_rw_n-16_ppn-48_tx-16M_1782531799.csv,1976.666094140625
read,1867784.0064,116899.7902,0.3043,131072.0,16384.0,0.0071,2.5228,0.1201,2.5263,768,2,16,48,16M,ior_rw_n-16_ppn-48_tx-16M_1782531799.csv,1824.00781875
write,2019389.3715,126415.0421,0.2903,131072.0,16384.0,0.0085,2.3329,0.1146,2.3366,768,3,16,48,16M,ior_rw_n-16_ppn-48_tx-16M_1782531799.csv,1972.0599331054686
read,1872924.7837,117228.844,0.306,131072.0,16384.0,0.0075,2.5157,0.12,2.5194,768,3,16,48,16M,ior_rw_n-16_ppn-48_tx-16M_1782531799.csv,1829.0281090820313
write,1816605.9118,113697.6886,0.2948,131072.0,16384.0,0.0074,2.5938,0.3308,2.5975,768,4,16,48,16M,ior_rw_n-16_ppn-48_tx-16M_1782531799.csv,1774.0292107421874
read,1878112.2946,117539.5361,0.3103,131072.0,16384.0,0.0069,2.509,0.1235,2.5124,768,4,16,48,16M,ior_rw_n-16_ppn-48_tx-16M_1782531799.csv,1834.0940376953124
write,2020064.4033,126451.5114,0.2842,131072.0,16384.0,0.0072,2.3322,0.111,2.3359,768,5,16,48,16M,ior_rw_n-16_ppn-48_tx-16M_1782531799.csv,1972.7191438476561
read,1882214.0122,117801.1486,0.3081,131072.0,16384.0,0.0069,2.5035,0.1207,2.5069,768,5,16,48,16M,ior_rw_n-16_ppn-48_tx-16M_1782531799.csv,1838.0996212890625
write,2012437.2308,125969.3978,0.2843,131072.0,16384.0,0.0072,2.3411,0.1358,2.3447,768,6,16,48,16M,ior_rw_n-16_ppn-48_tx-16M_1782531799.csv,1965.270733203125
read,1878131.1867,117547.1762,0.3079,131072.0,16384.0,0.007,2.5089,0.1153,2.5124,768,6,16,48,16M,ior_rw_n-16_ppn-48_tx-16M_1782531799.csv,1834.1124870117187
write,2024898.2088,126749.7785,0.2878,131072.0,16384.0,0.0072,2.3267,0.1166,2.3303,768,7,16,48,16M,ior_rw_n-16_ppn-48_tx-16M_1782531799.csv,1977.43965703125
read,1873417.6481,117250.1792,0.3115,131072.0,16384.0,0.0069,2.5152,0.1136,2.5187,768,7,16,48,16M,ior_rw_n-16_ppn-48_tx-16M_1782531799.csv,1829.5094219726564
write,2030785.744,127125.8413,0.2879,131072.0,16384.0,0.0074,2.3198,0.1086,2.3235,768,8,16,48,16M,ior_rw_n-16_ppn-48_tx-16M_1782531799.csv,1983.189203125
read,1876073.8231,117422.445,0.3118,131072.0,16384.0,0.0072,2.5115,0.123,2.5151,768,8,16,48,16M,ior_rw_n-16_ppn-48_tx-16M_1782531799.csv,1832.1033428710937
write,1983062.2663,124132.4388,0.2836,131072.0,16384.0,0.0074,2.3758,0.1549,2.3794,768,9,16,48,16M,ior_rw_n-16_ppn-48_tx-16M_1782531799.csv,1936.5842444335938
read,1873057.7252,117233.9104,0.3041,131072.0,16384.0,0.0071,2.5156,0.1405,2.5192,768,9,16,48,16M,ior_rw_n-16_ppn-48_tx-16M_1782531799.csv,1829.157934765625
write,1816151.4826,909455.1966,0.0394,131072.0,2048.0,0.0076,2.5942,0.1607,2.5981,768,0,16,48,2M,ior_rw_n-16_ppn-48_tx-2M_1782531724.csv,1773.5854322265625
read,1286222.8024,643761.5607,0.0566,131072.0,2048.0,0.0074,3.6649,0.0715,3.6686,768,0,16,48,2M,ior_rw_n-16_ppn-48_tx-2M_1782531724.csv,1256.07695546875
write,1848934.494,925795.2956,0.0389,131072.0,2048.0,0.0071,2.5484,0.1192,2.5521,768,1,16,48,2M,ior_rw_n-16_ppn-48_tx-2M_1782531724.csv,1805.600091796875
read,1311181.1344,656169.0879,0.0555,131072.0,2048.0,0.0065,3.5956,0.0673,3.5987,768,1,16,48,2M,ior_rw_n-16_ppn-48_tx-2M_1782531724.csv,1280.4503265625
write,1639291.9404,820702.0791,0.043,131072.0,2048.0,0.0076,2.8747,0.3588,2.8784,768,2,16,48,2M,ior_rw_n-16_ppn-48_tx-2M_1782531724.csv,1600.871035546875
read,1271487.1932,636318.4964,0.0569,131072.0,2048.0,0.0066,3.7077,0.0889,3.7111,768,2,16,48,2M,ior_rw_n-16_ppn-48_tx-2M_1782531724.csv,1241.686712109375
write,1887461.6403,945102.0156,0.0386,131072.0,2048.0,0.0071,2.4963,0.0603,2.5,768,3,16,48,2M,ior_rw_n-16_ppn-48_tx-2M_1782531724.csv,1843.2242581054688
read,1308911.1629,655118.0061,0.0558,131072.0,2048.0,0.0072,3.6013,0.0632,3.605,768,3,16,48,2M,ior_rw_n-16_ppn-48_tx-2M_1782531724.csv,1278.2335575195314
write,1723470.0066,862845.6305,0.0417,131072.0,2048.0,0.0072,2.7343,0.205,2.7378,768,4,16,48,2M,ior_rw_n-16_ppn-48_tx-2M_1782531724.csv,1683.0761783203125
read,1224986.5965,613009.2405,0.0595,131072.0,2048.0,0.0065,3.8487,0.0824,3.852,768,4,16,48,2M,ior_rw_n-16_ppn-48_tx-2M_1782531724.csv,1196.2759731445312
write,1810945.3197,906635.5021,0.0396,131072.0,2048.0,0.0068,2.6023,0.1016,2.6056,768,5,16,48,2M,ior_rw_n-16_ppn-48_tx-2M_1782531724.csv,1768.5012887695314
read,1220730.1297,610904.1644,0.0593,131072.0,2048.0,0.0068,3.862,0.0758,3.8654,768,5,16,48,2M,ior_rw_n-16_ppn-48_tx-2M_1782531724.csv,1192.1192672851562
write,1862110.5578,932356.6548,0.039,131072.0,2048.0,0.0071,2.5305,0.0612,2.534,768,6,16,48,2M,ior_rw_n-16_ppn-48_tx-2M_1782531724.csv,1818.4673416015626
read,1163319.6457,582154.3873,0.0626,131072.0,2048.0,0.0068,4.0527,0.0726,4.0561,768,6,16,48,2M,ior_rw_n-16_ppn-48_tx-2M_1782531724.csv,1136.0543415039062
write,1656938.7921,829480.027,0.0427,131072.0,2048.0,0.0068,2.8443,0.174,2.8478,768,7,16,48,2M,ior_rw_n-16_ppn-48_tx-2M_1782531724.csv,1618.1042891601562
read,1128916.5163,564901.8041,0.0644,131072.0,2048.0,0.0065,4.1765,0.0751,4.1798,768,7,16,48,2M,ior_rw_n-16_ppn-48_tx-2M_1782531724.csv,1102.4575354492188
write,1765496.8682,883829.0557,0.0409,131072.0,2048.0,0.0066,2.6694,0.086,2.6727,768,8,16,48,2M,ior_rw_n-16_ppn-48_tx-2M_1782531724.csv,1724.1180353515624
read,1118138.6372,559507.343,0.0649,131072.0,2048.0,0.0066,4.2167,0.0774,4.22,768,8,16,48,2M,ior_rw_n-16_ppn-48_tx-2M_1782531724.csv,1091.932262890625
write,1640332.0064,821158.7822,0.0434,131072.0,2048.0,0.0069,2.8731,0.1564,2.8766,768,9,16,48,2M,ior_rw_n-16_ppn-48_tx-2M_1782531724.csv,1601.886725
read,1167178.6822,584063.6821,0.0625,131072.0,2048.0,0.0066,4.0394,0.0764,4.0427,768,9,16,48,2M,ior_rw_n-16_ppn-48_tx-2M_1782531724.csv,1139.8229318359374
write,1172674.8091,75543.9677,0.0126,131072.0,16384.0,0.0068,0.1084,0.0086,0.1118,128,0,16,8,16M,ior_rw_n-16_ppn-8_tx-16M_1782531598.csv,1145.1902432617187
read,1058046.7747,67818.4409,0.0144,131072.0,16384.0,0.0061,0.1208,0.0076,0.1239,128,0,16,8,16M,ior_rw_n-16_ppn-8_tx-16M_1782531598.csv,1033.2488034179687
write,1171058.6256,75460.5155,0.0125,131072.0,16384.0,0.0066,0.1086,0.0086,0.1119,128,1,16,8,16M,ior_rw_n-16_ppn-8_tx-16M_1782531598.csv,1143.6119390625
read,1051842.1419,67513.2844,0.0144,131072.0,16384.0,0.0066,0.1213,0.0062,0.1246,128,1,16,8,16M,ior_rw_n-16_ppn-8_tx-16M_1782531598.csv,1027.1895916992187
write,1166494.0491,75137.4141,0.0125,131072.0,16384.0,0.0069,0.109,0.0099,0.1124,128,2,16,8,16M,ior_rw_n-16_ppn-8_tx-16M_1782531598.csv,1139.1543448242187
read,1046492.1495,67152.0144,0.0143,131072.0,16384.0,0.0065,0.122,0.0085,0.1252,128,2,16,8,16M,ior_rw_n-16_ppn-8_tx-16M_1782531598.csv,1021.9649897460938
write,1172682.3134,75427.2194,0.0123,131072.0,16384.0,0.0062,0.1086,0.0101,0.1118,128,3,16,8,16M,ior_rw_n-16_ppn-8_tx-16M_1782531598.csv,1145.1975716796876
read,1039198.6184,66585.4142,0.0144,131072.0,16384.0,0.0062,0.123,0.0094,0.1261,128,3,16,8,16M,ior_rw_n-16_ppn-8_tx-16M_1782531598.csv,1014.84240078125
write,1181531.1577,76131.6546,0.0125,131072.0,16384.0,0.0065,0.1076,0.009,0.1109,128,4,16,8,16M,ior_rw_n-16_ppn-8_tx-16M_1782531598.csv,1153.8390211914063
read,1057851.3268,67900.5956,0.0144,131072.0,16384.0,0.0064,0.1206,0.0069,0.1239,128,4,16,8,16M,ior_rw_n-16_ppn-8_tx-16M_1782531598.csv,1033.057936328125
write,1176270.324,75765.6855,0.0124,131072.0,16384.0,0.0065,0.1081,0.009,0.1114,128,5,16,8,16M,ior_rw_n-16_ppn-8_tx-16M_1782531598.csv,1148.70148828125
read,1065123.0645,68363.4399,0.0144,131072.0,16384.0,0.0065,0.1198,0.0067,0.1231,128,5,16,8,16M,ior_rw_n-16_ppn-8_tx-16M_1782531598.csv,1040.1592426757813
write,1170285.8339,75465.4876,0.0125,131072.0,16384.0,0.0067,0.1086,0.0086,0.112,128,6,16,8,16M,ior_rw_n-16_ppn-8_tx-16M_1782531598.csv,1142.8572596679687
read,1060858.1985,68123.6671,0.0141,131072.0,16384.0,0.0065,0.1203,0.0072,0.1236,128,6,16,8,16M,ior_rw_n-16_ppn-8_tx-16M_1782531598.csv,1035.9943344726562
write,1170046.7245,75445.9345,0.0125,131072.0,16384.0,0.0067,0.1086,0.0098,0.112,128,7,16,8,16M,ior_rw_n-16_ppn-8_tx-16M_1782531598.csv,1142.6237543945313
read,1057568.4626,67927.577,0.0145,131072.0,16384.0,0.0066,0.1206,0.0073,0.1239,128,7,16,8,16M,ior_rw_n-16_ppn-8_tx-16M_1782531598.csv,1032.7817017578125
write,1178557.4778,75878.625,0.0123,131072.0,16384.0,0.0064,0.108,0.0095,0.1112,128,8,16,8,16M,ior_rw_n-16_ppn-8_tx-16M_1782531598.csv,1150.9350369140625
read,1064968.3155,68337.3344,0.0143,131072.0,16384.0,0.0063,0.1199,0.0066,0.1231,128,8,16,8,16M,ior_rw_n-16_ppn-8_tx-16M_1782531598.csv,1040.0081206054688
write,1166682.1881,75089.1381,0.0126,131072.0,16384.0,0.0064,0.1091,0.0096,0.1123,128,9,16,8,16M,ior_rw_n-16_ppn-8_tx-16M_1782531598.csv,1139.3380743164062
read,1060694.4536,68058.6275,0.0145,131072.0,16384.0,0.0063,0.1204,0.0067,0.1236,128,9,16,8,16M,ior_rw_n-16_ppn-8_tx-16M_1782531598.csv,1035.83442734375
write,405307.473,205000.434,0.0048,131072.0,2048.0,0.0075,0.3197,0.0126,0.3234,128,0,16,8,2M,ior_rw_n-16_ppn-8_tx-2M_1782531582.csv,395.8080791015625
read,231440.2711,116427.1185,0.0086,131072.0,2048.0,0.0068,0.5629,0.014,0.5663,128,0,16,8,2M,ior_rw_n-16_ppn-8_tx-2M_1782531582.csv,226.01588974609376
write,413641.9624,208994.9621,0.0048,131072.0,2048.0,0.0065,0.3136,0.0093,0.3169,128,1,16,8,2M,ior_rw_n-16_ppn-8_tx-2M_1782531582.csv,403.94722890625
read,233147.0356,117248.8233,0.0086,131072.0,2048.0,0.0065,0.5589,0.01,0.5622,128,1,16,8,2M,ior_rw_n-16_ppn-8_tx-2M_1782531582.csv,227.682651953125
write,414851.8124,209556.9196,0.0048,131072.0,2048.0,0.0063,0.3127,0.0102,0.3159,128,2,16,8,2M,ior_rw_n-16_ppn-8_tx-2M_1782531582.csv,405.128723046875
read,233026.8646,117169.6073,0.0086,131072.0,2048.0,0.0062,0.5593,0.0118,0.5625,128,2,16,8,2M,ior_rw_n-16_ppn-8_tx-2M_1782531582.csv,227.5652974609375
write,414758.544,209555.6415,0.0048,131072.0,2048.0,0.0063,0.3127,0.0107,0.316,128,3,16,8,2M,ior_rw_n-16_ppn-8_tx-2M_1782531582.csv,405.037640625
read,232710.7238,117011.3964,0.0086,131072.0,2048.0,0.0063,0.5601,0.0123,0.5632,128,3,16,8,2M,ior_rw_n-16_ppn-8_tx-2M_1782531582.csv,227.2565662109375
write,413008.6499,208724.0664,0.0048,131072.0,2048.0,0.0066,0.314,0.0114,0.3174,128,4,16,8,2M,ior_rw_n-16_ppn-8_tx-2M_1782531582.csv,403.32875966796877
read,233073.6929,117218.0238,0.0086,131072.0,2048.0,0.0064,0.5591,0.0115,0.5624,128,4,16,8,2M,ior_rw_n-16_ppn-8_tx-2M_1782531582.csv,227.61102822265624
write,415702.8642,210218.4849,0.0047,131072.0,2048.0,0.0069,0.3118,0.0102,0.3153,128,5,16,8,2M,ior_rw_n-16_ppn-8_tx-2M_1782531582.csv,405.9598283203125
read,232468.4543,116962.802,0.0086,131072.0,2048.0,0.007,0.5603,0.0128,0.5638,128,5,16,8,2M,ior_rw_n-16_ppn-8_tx-2M_1782531582.csv,227.01997490234376
write,415601.3579,210030.393,0.0048,131072.0,2048.0,0.0066,0.312,0.0103,0.3154,128,6,16,8,2M,ior_rw_n-16_ppn-8_tx-2M_1782531582.csv,405.86070107421875
read,232092.2761,116724.8456,0.0086,131072.0,2048.0,0.0065,0.5615,0.012,0.5647,128,6,16,8,2M,ior_rw_n-16_ppn-8_tx-2M_1782531582.csv,226.65261337890624
write,414163.616,209275.8026,0.0048,131072.0,2048.0,0.0065,0.3132,0.0122,0.3165,128,7,16,8,2M,ior_rw_n-16_ppn-8_tx-2M_1782531582.csv,404.45665625
read,232249.7438,116797.704,0.0086,131072.0,2048.0,0.0064,0.5611,0.011,0.5644,128,7,16,8,2M,ior_rw_n-16_ppn-8_tx-2M_1782531582.csv,226.8063904296875
write,419502.7325,212009.631,0.0047,131072.0,2048.0,0.0065,0.3091,0.0078,0.3124,128,8,16,8,2M,ior_rw_n-16_ppn-8_tx-2M_1782531582.csv,409.67063720703123
read,231313.1903,116328.1313,0.0086,131072.0,2048.0,0.0065,0.5634,0.0123,0.5666,128,8,16,8,2M,ior_rw_n-16_ppn-8_tx-2M_1782531582.csv,225.89178740234374
write,416429.308,210370.8434,0.0047,131072.0,2048.0,0.0063,0.3115,0.0091,0.3148,128,9,16,8,2M,ior_rw_n-16_ppn-8_tx-2M_1782531582.csv,406.66924609375
read,232535.7117,116922.3044,0.0086,131072.0,2048.0,0.0062,0.5605,0.0124,0.5637,128,9,16,8,2M,ior_rw_n-16_ppn-8_tx-2M_1782531582.csv,227.08565595703126
write,127578.8913,8086.2273,0.0295,131072.0,16384.0,0.0069,0.2533,0.0175,0.2568,16,0,1,16,16M,ior_rw_n-1_ppn-16_tx-16m_1782525728.csv,124.58876103515625
read,103878.9794,6560.8881,0.0366,131072.0,16384.0,0.0066,0.3122,0.0195,0.3154,16,0,1,16,16M,ior_rw_n-1_ppn-16_tx-16m_1782525728.csv,101.4443158203125
write,129122.7996,8171.6367,0.0302,131072.0,16384.0,0.0062,0.2506,0.012,0.2538,16,1,1,16,16M,ior_rw_n-1_ppn-16_tx-16m_1782525728.csv,126.096483984375
read,104069.0155,6568.0166,0.038,131072.0,16384.0,0.0062,0.3118,0.0184,0.3149,16,1,1,16,16M,ior_rw_n-1_ppn-16_tx-16m_1782525728.csv,101.62989794921874
write,130488.9799,8264.4317,0.0303,131072.0,16384.0,0.0065,0.2478,0.0061,0.2511,16,2,1,16,16M,ior_rw_n-1_ppn-16_tx-16m_1782525728.csv,127.43064443359376
read,103981.4623,6566.4401,0.0362,131072.0,16384.0,0.0065,0.3119,0.0222,0.3151,16,2,1,16,16M,ior_rw_n-1_ppn-16_tx-16m_1782525728.csv,101.54439677734375
write,129565.8826,8198.5912,0.0296,131072.0,16384.0,0.0061,0.2498,0.0129,0.2529,16,3,1,16,16M,ior_rw_n-1_ppn-16_tx-16m_1782525728.csv,126.5291822265625
read,104243.1419,6578.6504,0.038,131072.0,16384.0,0.006,0.3113,0.012,0.3143,16,3,1,16,16M,ior_rw_n-1_ppn-16_tx-16m_1782525728.csv,101.79994326171875
write,128900.3373,8168.9945,0.0301,131072.0,16384.0,0.0069,0.2507,0.0125,0.2542,16,4,1,16,16M,ior_rw_n-1_ppn-16_tx-16m_1782525728.csv,125.87923564453125
read,103993.0278,6571.4083,0.0382,131072.0,16384.0,0.0068,0.3117,0.0087,0.3151,16,4,1,16,16M,ior_rw_n-1_ppn-16_tx-16m_1782525728.csv,101.5556912109375
write,129364.9019,8194.5242,0.0301,131072.0,16384.0,0.0066,0.2499,0.0095,0.2533,16,5,1,16,16M,ior_rw_n-1_ppn-16_tx-16m_1782525728.csv,126.33291201171875
read,104038.6071,6574.4511,0.0383,131072.0,16384.0,0.0068,0.3115,0.0101,0.315,16,5,1,16,16M,ior_rw_n-1_ppn-16_tx-16m_1782525728.csv,101.60020224609374
write,129649.4829,8212.3316,0.0303,131072.0,16384.0,0.0066,0.2494,0.0075,0.2527,16,6,1,16,16M,ior_rw_n-1_ppn-16_tx-16m_1782525728.csv,126.61082314453125
read,103787.1211,6555.2554,0.0381,131072.0,16384.0,0.0065,0.3124,0.0129,0.3157,16,6,1,16,16M,ior_rw_n-1_ppn-16_tx-16m_1782525728.csv,101.35461044921875
write,129160.4166,8179.1063,0.0305,131072.0,16384.0,0.0065,0.2504,0.0114,0.2537,16,7,1,16,16M,ior_rw_n-1_ppn-16_tx-16m_1782525728.csv,126.1332193359375
read,103912.9084,6562.0409,0.0374,131072.0,16384.0,0.0064,0.3121,0.0131,0.3153,16,7,1,16,16M,ior_rw_n-1_ppn-16_tx-16m_1782525728.csv,101.477449609375
write,130454.7951,8260.8313,0.0298,131072.0,16384.0,0.0064,0.2479,0.0093,0.2512,16,8,1,16,16M,ior_rw_n-1_ppn-16_tx-16m_1782525728.csv,127.39726083984375
read,103980.8329,6565.5116,0.0381,131072.0,16384.0,0.0063,0.3119,0.0074,0.3151,16,8,1,16,16M,ior_rw_n-1_ppn-16_tx-16m_1782525728.csv,101.54378212890624
write,129720.3341,8206.9334,0.0299,131072.0,16384.0,0.006,0.2495,0.0102,0.2526,16,9,1,16,16M,ior_rw_n-1_ppn-16_tx-16m_1782525728.csv,126.68001376953124
read,104006.5636,6562.7778,0.0376,131072.0,16384.0,0.0059,0.3121,0.0116,0.3151,16,9,1,16,16M,ior_rw_n-1_ppn-16_tx-16m_1782525728.csv,101.568909765625
write,128522.0908,8147.3849,0.0307,131072.0,16384.0,0.0069,0.2514,0.0092,0.255,16,0,1,16,16M,ior_rw_n-1_ppn-16_tx-16m_1782526118.csv,125.509854296875
read,103861.2383,6559.8159,0.0371,131072.0,16384.0,0.0067,0.3122,0.0244,0.3155,16,0,1,16,16M,ior_rw_n-1_ppn-16_tx-16m_1782526118.csv,101.42699052734375
write,129319.9861,8189.735,0.0308,131072.0,16384.0,0.0064,0.2501,0.0099,0.2534,16,1,1,16,16M,ior_rw_n-1_ppn-16_tx-16m_1782526118.csv,126.28904892578124
read,104157.0321,6575.5885,0.0382,131072.0,16384.0,0.0063,0.3115,0.0122,0.3146,16,1,1,16,16M,ior_rw_n-1_ppn-16_tx-16m_1782526118.csv,101.71585166015625
write,128272.115,8122.8542,0.0303,131072.0,16384.0,0.0066,0.2521,0.0117,0.2555,16,2,1,16,16M,ior_rw_n-1_ppn-16_tx-16m_1782526118.csv,125.2657373046875
read,103812.5208,6556.5163,0.0381,131072.0,16384.0,0.0066,0.3124,0.0095,0.3156,16,2,1,16,16M,ior_rw_n-1_ppn-16_tx-16m_1782526118.csv,101.37941484375
write,130051.3846,8232.7012,0.0298,131072.0,16384.0,0.0063,0.2488,0.0115,0.252,16,3,1,16,16M,ior_rw_n-1_ppn-16_tx-16m_1782526118.csv,127.0033052734375
read,104351.7323,6587.4085,0.0369,131072.0,16384.0,0.0061,0.3109,0.0161,0.314,16,3,1,16,16M,ior_rw_n-1_ppn-16_tx-16m_1782526118.csv,101.90598857421875
write,129446.6579,8196.5259,0.0308,131072.0,16384.0,0.0064,0.2499,0.0082,0.2531,16,4,1,16,16M,ior_rw_n-1_ppn-16_tx-16m_1782526118.csv,126.41275185546876
read,104212.3156,6580.384,0.0373,131072.0,16384.0,0.0063,0.3112,0.013,0.3144,16,4,1,16,16M,ior_rw_n-1_ppn-16_tx-16m_1782526118.csv,101.769839453125
write,128864.3215,8163.335,0.03,131072.0,16384.0,0.0067,0.2509,0.0112,0.2543,16,5,1,16,16M,ior_rw_n-1_ppn-16_tx-16m_1782526118.csv,125.84406396484376
read,104012.1521,6570.5286,0.038,131072.0,16384.0,0.0067,0.3117,0.0075,0.315,16,5,1,16,16M,ior_rw_n-1_ppn-16_tx-16m_1782526118.csv,101.57436728515626
write,129543.4121,8205.0598,0.0296,131072.0,16384.0,0.0065,0.2496,0.013,0.2529,16,6,1,16,16M,ior_rw_n-1_ppn-16_tx-16m_1782526118.csv,126.50723837890625
read,104035.9295,6568.7148,0.0362,131072.0,16384.0,0.0063,0.3118,0.0224,0.315,16,6,1,16,16M,ior_rw_n-1_ppn-16_tx-16m_1782526118.csv,101.59758740234375
write,130237.4724,8247.4509,0.0299,131072.0,16384.0,0.0064,0.2483,0.009,0.2516,16,7,1,16,16M,ior_rw_n-1_ppn-16_tx-16m_1782526118.csv,127.185031640625
read,103970.9217,6565.1955,0.0376,131072.0,16384.0,0.0064,0.3119,0.0123,0.3152,16,7,1,16,16M,ior_rw_n-1_ppn-16_tx-16m_1782526118.csv,101.53410322265626
write,128109.5068,8109.5109,0.0298,131072.0,16384.0,0.0064,0.2525,0.0142,0.2558,16,8,1,16,16M,ior_rw_n-1_ppn-16_tx-16m_1782526118.csv,125.106940234375
read,104072.6405,6571.2424,0.0367,131072.0,16384.0,0.0063,0.3117,0.0183,0.3149,16,8,1,16,16M,ior_rw_n-1_ppn-16_tx-16m_1782526118.csv,101.63343798828124
write,129680.6773,8208.2901,0.03,131072.0,16384.0,0.0062,0.2495,0.0094,0.2527,16,9,1,16,16M,ior_rw_n-1_ppn-16_tx-16m_1782526118.csv,126.64128642578125
read,104277.3092,6583.0316,0.0366,131072.0,16384.0,0.0062,0.3111,0.0184,0.3142,16,9,1,16,16M,ior_rw_n-1_ppn-16_tx-16m_1782526118.csv,101.833309765625
write,46925.1897,23579.9676,0.0107,131072.0,2048.0,0.0067,0.6948,0.02,0.6983,16,0,1,16,2M,ior_rw_n-1_ppn-16_tx-2m_1782525700.csv,45.82538056640625
read,23510.1024,11782.2356,0.0216,131072.0,2048.0,0.0065,1.3906,0.0184,1.3938,16,0,1,16,2M,ior_rw_n-1_ppn-16_tx-2m_1782525700.csv,22.959084375
write,47977.2879,24106.7344,0.0105,131072.0,2048.0,0.0065,0.6796,0.0168,0.683,16,1,1,16,2M,ior_rw_n-1_ppn-16_tx-2m_1782525700.csv,46.85282021484375
read,23622.9447,11838.8615,0.0216,131072.0,2048.0,0.0064,1.3839,0.013,1.3871,16,1,1,16,2M,ior_rw_n-1_ppn-16_tx-2m_1782525700.csv,23.06928193359375
write,48352.9998,24292.3807,0.0103,131072.0,2048.0,0.0063,0.6745,0.015,0.6777,16,2,1,16,2M,ior_rw_n-1_ppn-16_tx-2m_1782525700.csv,47.2197263671875
read,23423.1803,11737.7195,0.0216,131072.0,2048.0,0.0063,1.3958,0.0149,1.399,16,2,1,16,2M,ior_rw_n-1_ppn-16_tx-2m_1782525700.csv,22.87419951171875
write,48469.7915,24351.4505,0.0103,131072.0,2048.0,0.0063,0.6728,0.0144,0.676,16,3,1,16,2M,ior_rw_n-1_ppn-16_tx-2m_1782525700.csv,47.33378076171875
read,23539.2146,11796.3266,0.0215,131072.0,2048.0,0.0062,1.3889,0.0155,1.3921,16,3,1,16,2M,ior_rw_n-1_ppn-16_tx-2m_1782525700.csv,22.9875142578125
write,48714.1388,24479.4521,0.0103,131072.0,2048.0,0.0066,0.6693,0.0112,0.6727,16,4,1,16,2M,ior_rw_n-1_ppn-16_tx-2m_1782525700.csv,47.572401171875
read,23498.787,11777.2218,0.0214,131072.0,2048.0,0.0065,1.3912,0.02,1.3945,16,4,1,16,2M,ior_rw_n-1_ppn-16_tx-2m_1782525700.csv,22.9480341796875
write,48627.1684,24436.3286,0.0103,131072.0,2048.0,0.0066,0.6705,0.013,0.6739,16,5,1,16,2M,ior_rw_n-1_ppn-16_tx-2m_1782525700.csv,47.487469140625
read,23531.4402,11794.4922,0.0214,131072.0,2048.0,0.0068,1.3891,0.0208,1.3925,16,5,1,16,2M,ior_rw_n-1_ppn-16_tx-2m_1782525700.csv,22.9799220703125
write,48680.8375,24455.4081,0.0103,131072.0,2048.0,0.0062,0.67,0.0142,0.6731,16,6,1,16,2M,ior_rw_n-1_ppn-16_tx-2m_1782525700.csv,47.53988037109375
read,23611.8815,11832.3201,0.0212,131072.0,2048.0,0.0061,1.3847,0.0257,1.3878,16,6,1,16,2M,ior_rw_n-1_ppn-16_tx-2m_1782525700.csv,23.05847802734375
write,48914.2629,24575.8037,0.0102,131072.0,2048.0,0.0063,0.6667,0.0127,0.6699,16,7,1,16,2M,ior_rw_n-1_ppn-16_tx-2m_1782525700.csv,47.76783486328125
read,23504.9719,11779.2547,0.0215,131072.0,2048.0,0.0063,1.3909,0.0203,1.3941,16,7,1,16,2M,ior_rw_n-1_ppn-16_tx-2m_1782525700.csv,22.95407412109375
write,48925.7029,24585.2818,0.0102,131072.0,2048.0,0.0066,0.6664,0.0105,0.6698,16,8,1,16,2M,ior_rw_n-1_ppn-16_tx-2m_1782525700.csv,47.77900673828125
read,23661.0185,11858.7911,0.0215,131072.0,2048.0,0.0065,1.3816,0.0101,1.3849,16,8,1,16,2M,ior_rw_n-1_ppn-16_tx-2m_1782525700.csv,23.10646337890625
write,49124.9212,24677.1519,0.0103,131072.0,2048.0,0.0061,0.6639,0.0078,0.667,16,9,1,16,2M,ior_rw_n-1_ppn-16_tx-2m_1782525700.csv,47.973555859375
read,23599.3495,11825.6395,0.0214,131072.0,2048.0,0.006,1.3855,0.0159,1.3885,16,9,1,16,2M,ior_rw_n-1_ppn-16_tx-2m_1782525700.csv,23.04623974609375
write,47983.3179,24115.1094,0.0105,131072.0,2048.0,0.0067,0.6794,0.0092,0.6829,16,0,1,16,2M,ior_rw_n-1_ppn-16_tx-2m_1782526090.csv,46.85870888671875
read,23564.6772,11809.8281,0.0214,131072.0,2048.0,0.0065,1.3873,0.0172,1.3906,16,0,1,16,2M,ior_rw_n-1_ppn-16_tx-2m_1782526090.csv,23.012380078125
write,48804.7481,24532.4192,0.0103,131072.0,2048.0,0.0069,0.6679,0.0065,0.6714,16,1,1,16,2M,ior_rw_n-1_ppn-16_tx-2m_1782526090.csv,47.66088681640625
read,23577.6295,11817.9988,0.0215,131072.0,2048.0,0.0069,1.3864,0.0201,1.3898,16,1,1,16,2M,ior_rw_n-1_ppn-16_tx-2m_1782526090.csv,23.02502880859375
write,48842.5755,24545.5719,0.0103,131072.0,2048.0,0.0066,0.6675,0.0092,0.6709,16,2,1,16,2M,ior_rw_n-1_ppn-16_tx-2m_1782526090.csv,47.69782763671875
read,23488.7951,11772.3232,0.0217,131072.0,2048.0,0.0066,1.3917,0.0103,1.395,16,2,1,16,2M,ior_rw_n-1_ppn-16_tx-2m_1782526090.csv,22.93827646484375
write,48949.8369,24603.1941,0.0103,131072.0,2048.0,0.0068,0.6659,0.008,0.6694,16,3,1,16,2M,ior_rw_n-1_ppn-16_tx-2m_1782526090.csv,47.80257509765625
read,23567.0653,11812.5037,0.0215,131072.0,2048.0,0.0067,1.387,0.0179,1.3904,16,3,1,16,2M,ior_rw_n-1_ppn-16_tx-2m_1782526090.csv,23.01471220703125
write,49008.1177,24631.4844,0.0103,131072.0,2048.0,0.0068,0.6652,0.0103,0.6686,16,4,1,16,2M,ior_rw_n-1_ppn-16_tx-2m_1782526090.csv,47.85948994140625
read,23617.7851,11838.1334,0.0214,131072.0,2048.0,0.0068,1.384,0.0167,1.3874,16,4,1,16,2M,ior_rw_n-1_ppn-16_tx-2m_1782526090.csv,23.06424326171875
write,48853.791,24547.5622,0.0103,131072.0,2048.0,0.0065,0.6674,0.0092,0.6707,16,5,1,16,2M,ior_rw_n-1_ppn-16_tx-2m_1782526090.csv,47.7087802734375
read,23622.4331,11839.861,0.0214,131072.0,2048.0,0.0066,1.3838,0.0155,1.3872,16,5,1,16,2M,ior_rw_n-1_ppn-16_tx-2m_1782526090.csv,23.06878232421875
write,49016.1752,24629.1891,0.0102,131072.0,2048.0,0.0064,0.6652,0.0093,0.6685,16,6,1,16,2M,ior_rw_n-1_ppn-16_tx-2m_1782526090.csv,47.86735859375
read,23530.7433,11792.6241,0.0215,131072.0,2048.0,0.0064,1.3893,0.0219,1.3926,16,6,1,16,2M,ior_rw_n-1_ppn-16_tx-2m_1782526090.csv,22.97924150390625
write,49076.8047,24659.6539,0.0103,131072.0,2048.0,0.0064,0.6644,0.0082,0.6677,16,7,1,16,2M,ior_rw_n-1_ppn-16_tx-2m_1782526090.csv,47.92656708984375
read,23446.7643,11750.4302,0.0217,131072.0,2048.0,0.0064,1.3943,0.0142,1.3975,16,7,1,16,2M,ior_rw_n-1_ppn-16_tx-2m_1782526090.csv,22.89723076171875
write,49043.6884,24646.8207,0.0103,131072.0,2048.0,0.0067,0.6648,0.0062,0.6681,16,8,1,16,2M,ior_rw_n-1_ppn-16_tx-2m_1782526090.csv,47.894226953125
read,23558.3195,11807.5656,0.0214,131072.0,2048.0,0.0066,1.3876,0.0198,1.3909,16,8,1,16,2M,ior_rw_n-1_ppn-16_tx-2m_1782526090.csv,23.00617138671875
write,48986.8594,24616.0084,0.0102,131072.0,2048.0,0.0065,0.6656,0.0126,0.6689,16,9,1,16,2M,ior_rw_n-1_ppn-16_tx-2m_1782526090.csv,47.8387298828125
read,23563.2349,11809.404,0.0214,131072.0,2048.0,0.0065,1.3874,0.0168,1.3906,16,9,1,16,2M,ior_rw_n-1_ppn-16_tx-2m_1782526090.csv,23.01097158203125
write,162815.8851,10223.9857,0.0962,131072.0,16384.0,0.0072,0.8013,0.0314,0.805,32,0,1,32,16M,ior_rw_n-1_ppn-32_tx-16m_1782525790.csv,158.99988779296876
read,141090.4085,8849.9779,0.1121,131072.0,16384.0,0.0069,0.9257,0.0477,0.929,32,0,1,32,16M,ior_rw_n-1_ppn-32_tx-16m_1782525790.csv,137.78360205078124
write,162588.4619,10205.289,0.0982,131072.0,16384.0,0.0066,0.8027,0.0275,0.8062,32,1,1,32,16M,ior_rw_n-1_ppn-32_tx-16m_1782525790.csv,158.77779482421874
read,141835.9019,8896.1282,0.1122,131072.0,16384.0,0.0066,0.9209,0.0244,0.9241,32,1,1,32,16M,ior_rw_n-1_ppn-32_tx-16m_1782525790.csv,138.51162294921875
write,162909.147,10223.5537,0.0984,131072.0,16384.0,0.0064,0.8013,0.0268,0.8046,32,2,1,32,16M,ior_rw_n-1_ppn-32_tx-16m_1782525790.csv,159.0909638671875
read,139868.1841,8770.9517,0.114,131072.0,16384.0,0.0063,0.934,0.0357,0.9371,32,2,1,32,16M,ior_rw_n-1_ppn-32_tx-16m_1782525790.csv,136.59002353515626
write,162348.6317,10189.473,0.0985,131072.0,16384.0,0.0066,0.804,0.0253,0.8073,32,3,1,32,16M,ior_rw_n-1_ppn-32_tx-16m_1782525790.csv,158.54358564453125
read,139980.7947,8779.8381,0.1105,131072.0,16384.0,0.0066,0.933,0.0604,0.9364,32,3,1,32,16M,ior_rw_n-1_ppn-32_tx-16m_1782525790.csv,136.69999482421875
write,162042.1349,10169.689,0.0992,131072.0,16384.0,0.0066,0.8055,0.0344,0.8089,32,4,1,32,16M,ior_rw_n-1_ppn-32_tx-16m_1782525790.csv,158.24427236328125
read,140521.3598,8813.7103,0.1137,131072.0,16384.0,0.0065,0.9295,0.0355,0.9328,32,4,1,32,16M,ior_rw_n-1_ppn-32_tx-16m_1782525790.csv,137.2278904296875
write,162277.4671,10183.6444,0.0985,131072.0,16384.0,0.0064,0.8044,0.03,0.8077,32,5,1,32,16M,ior_rw_n-1_ppn-32_tx-16m_1782525790.csv,158.47408896484376
read,140941.4182,8839.5025,0.1134,131072.0,16384.0,0.0064,0.9267,0.0372,0.93,32,5,1,32,16M,ior_rw_n-1_ppn-32_tx-16m_1782525790.csv,137.6381037109375
write,161295.9561,10121.3894,0.0988,131072.0,16384.0,0.0064,0.8094,0.0346,0.8126,32,6,1,32,16M,ior_rw_n-1_ppn-32_tx-16m_1782525790.csv,157.51558212890626
read,139409.825,8741.8816,0.1148,131072.0,16384.0,0.0061,0.9371,0.0288,0.9402,32,6,1,32,16M,ior_rw_n-1_ppn-32_tx-16m_1782525790.csv,136.1424072265625
write,161934.8361,10164.6047,0.098,131072.0,16384.0,0.0068,0.8059,0.0282,0.8094,32,7,1,32,16M,ior_rw_n-1_ppn-32_tx-16m_1782525790.csv,158.13948837890624
read,140083.1276,8786.1918,0.1138,131072.0,16384.0,0.0066,0.9324,0.0401,0.9357,32,7,1,32,16M,ior_rw_n-1_ppn-32_tx-16m_1782525790.csv,136.799929296875
write,162106.0662,10173.8836,0.097,131072.0,16384.0,0.0066,0.8052,0.0292,0.8086,32,8,1,32,16M,ior_rw_n-1_ppn-32_tx-16m_1782525790.csv,158.3067052734375
read,140528.2923,8813.2649,0.1139,131072.0,16384.0,0.0064,0.9295,0.0442,0.9327,32,8,1,32,16M,ior_rw_n-1_ppn-32_tx-16m_1782525790.csv,137.23466044921875
write,162064.7774,10170.1315,0.0984,131072.0,16384.0,0.0065,0.8055,0.0264,0.8088,32,9,1,32,16M,ior_rw_n-1_ppn-32_tx-16m_1782525790.csv,158.2663841796875
read,140354.9325,8802.4499,0.1133,131072.0,16384.0,0.0064,0.9306,0.0406,0.9339,32,9,1,32,16M,ior_rw_n-1_ppn-32_tx-16m_1782525790.csv,137.06536376953125
write,161709.0573,10150.9892,0.0994,131072.0,16384.0,0.0069,0.807,0.0267,0.8105,32,0,1,32,16M,ior_rw_n-1_ppn-32_tx-16m_1782526180.csv,157.91900126953124
read,139366.2493,8740.763,0.1155,131072.0,16384.0,0.0067,0.9372,0.0367,0.9405,32,0,1,32,16M,ior_rw_n-1_ppn-32_tx-16m_1782526180.csv,136.09985283203125
write,162559.2315,10200.3597,0.0994,131072.0,16384.0,0.0063,0.8031,0.0211,0.8063,32,1,1,32,16M,ior_rw_n-1_ppn-32_tx-16m_1782526180.csv,158.74924951171874
read,141327.5819,8862.8071,0.1132,131072.0,16384.0,0.0063,0.9243,0.0301,0.9274,32,1,1,32,16M,ior_rw_n-1_ppn-32_tx-16m_1782526180.csv,138.01521669921874
write,161729.8465,10150.9623,0.099,131072.0,16384.0,0.0068,0.807,0.034,0.8104,32,2,1,32,16M,ior_rw_n-1_ppn-32_tx-16m_1782526180.csv,157.93930322265626
read,141154.5288,8854.1787,0.1124,131072.0,16384.0,0.0067,0.9252,0.0343,0.9286,32,2,1,32,16M,ior_rw_n-1_ppn-32_tx-16m_1782526180.csv,137.84621953125
write,161748.5946,10152.246,0.0979,131072.0,16384.0,0.0067,0.8069,0.0239,0.8103,32,3,1,32,16M,ior_rw_n-1_ppn-32_tx-16m_1782526180.csv,157.9576119140625
read,141211.3802,8856.7349,0.1109,131072.0,16384.0,0.0066,0.9249,0.038,0.9282,32,3,1,32,16M,ior_rw_n-1_ppn-32_tx-16m_1782526180.csv,137.9017384765625
write,162529.8194,10200.7413,0.0977,131072.0,16384.0,0.0066,0.8031,0.0256,0.8064,32,4,1,32,16M,ior_rw_n-1_ppn-32_tx-16m_1782526180.csv,158.7205267578125
read,142588.4276,8942.8997,0.1137,131072.0,16384.0,0.0064,0.916,0.0312,0.9192,32,4,1,32,16M,ior_rw_n-1_ppn-32_tx-16m_1782526180.csv,139.246511328125
write,160441.8646,10069.9091,0.0991,131072.0,16384.0,0.0067,0.8135,0.0342,0.8169,32,5,1,32,16M,ior_rw_n-1_ppn-32_tx-16m_1782526180.csv,156.6815083984375
read,139507.7842,8749.7911,0.1145,131072.0,16384.0,0.0065,0.9363,0.0275,0.9395,32,5,1,32,16M,ior_rw_n-1_ppn-32_tx-16m_1782526180.csv,136.2380705078125
write,162118.3039,10173.971,0.098,131072.0,16384.0,0.0066,0.8052,0.0325,0.8085,32,6,1,32,16M,ior_rw_n-1_ppn-32_tx-16m_1782526180.csv,158.31865615234375
read,141565.2259,8878.9741,0.112,131072.0,16384.0,0.0065,0.9226,0.0293,0.9259,32,6,1,32,16M,ior_rw_n-1_ppn-32_tx-16m_1782526180.csv,138.24729091796874
write,162276.2696,10181.9605,0.0989,131072.0,16384.0,0.0063,0.8046,0.025,0.8077,32,7,1,32,16M,ior_rw_n-1_ppn-32_tx-16m_1782526180.csv,158.47291953125
read,139667.1331,8758.0408,0.1145,131072.0,16384.0,0.0061,0.9354,0.0594,0.9385,32,7,1,32,16M,ior_rw_n-1_ppn-32_tx-16m_1782526180.csv,136.39368466796876
write,162525.7352,10198.2253,0.0982,131072.0,16384.0,0.0063,0.8033,0.0256,0.8065,32,8,1,32,16M,ior_rw_n-1_ppn-32_tx-16m_1782526180.csv,158.71653828125
read,142308.9802,8923.9885,0.1105,131072.0,16384.0,0.0061,0.918,0.0343,0.921,32,8,1,32,16M,ior_rw_n-1_ppn-32_tx-16m_1782526180.csv,138.9736134765625
write,161692.934,10144.4258,0.0984,131072.0,16384.0,0.0061,0.8075,0.0231,0.8106,32,9,1,32,16M,ior_rw_n-1_ppn-32_tx-16m_1782526180.csv,157.903255859375
read,140805.0027,8829.0881,0.11,131072.0,16384.0,0.006,0.9278,0.048,0.9309,32,9,1,32,16M,ior_rw_n-1_ppn-32_tx-16m_1782526180.csv,137.50488544921876
write,94867.8566,47547.7729,0.0211,131072.0,2048.0,0.0064,1.3783,0.0362,1.3816,32,0,1,32,2M,ior_rw_n-1_ppn-32_tx-2m_1782525741.csv,92.6443912109375
read,47859.3256,23956.2199,0.0422,131072.0,2048.0,0.0063,2.7357,0.0338,2.7387,32,0,1,32,2M,ior_rw_n-1_ppn-32_tx-2m_1782525741.csv,46.73762265625
write,96052.1648,48145.1854,0.0209,131072.0,2048.0,0.0065,1.3612,0.0311,1.3646,32,1,1,32,2M,ior_rw_n-1_ppn-32_tx-2m_1782525741.csv,93.8009421875
read,48211.2956,24134.3579,0.042,131072.0,2048.0,0.0065,2.7155,0.028,2.7187,32,1,1,32,2M,ior_rw_n-1_ppn-32_tx-2m_1782525741.csv,47.081343359375
write,96046.5096,48140.4889,0.021,131072.0,2048.0,0.0065,1.3613,0.0217,1.3647,32,2,1,32,2M,ior_rw_n-1_ppn-32_tx-2m_1782525741.csv,93.79541953125
read,48290.7974,24174.2461,0.0421,131072.0,2048.0,0.0065,2.711,0.0234,2.7142,32,2,1,32,2M,ior_rw_n-1_ppn-32_tx-2m_1782525741.csv,47.1589818359375
write,97539.8594,48886.3034,0.0208,131072.0,2048.0,0.0063,1.3406,0.0163,1.3438,32,3,1,32,2M,ior_rw_n-1_ppn-32_tx-2m_1782525741.csv,95.2537689453125
read,48151.8735,24103.5995,0.0422,131072.0,2048.0,0.0063,2.7189,0.0181,2.7221,32,3,1,32,2M,ior_rw_n-1_ppn-32_tx-2m_1782525741.csv,47.02331396484375
write,97359.0887,48797.2711,0.0209,131072.0,2048.0,0.0064,1.343,0.0206,1.3463,32,4,1,32,2M,ior_rw_n-1_ppn-32_tx-2m_1782525741.csv,95.07723505859374
read,48168.2556,24112.2473,0.0422,131072.0,2048.0,0.0063,2.718,0.0258,2.7211,32,4,1,32,2M,ior_rw_n-1_ppn-32_tx-2m_1782525741.csv,47.039312109375
write,97729.8844,48987.3745,0.0207,131072.0,2048.0,0.0065,1.3378,0.0138,1.3412,32,5,1,32,2M,ior_rw_n-1_ppn-32_tx-2m_1782525741.csv,95.439340234375
read,48164.1369,24111.2701,0.0423,131072.0,2048.0,0.0065,2.7181,0.0201,2.7214,32,5,1,32,2M,ior_rw_n-1_ppn-32_tx-2m_1782525741.csv,47.03528994140625
write,97777.702,49005.8373,0.0208,131072.0,2048.0,0.0063,1.3373,0.0161,1.3405,32,6,1,32,2M,ior_rw_n-1_ppn-32_tx-2m_1782525741.csv,95.486037109375
read,48181.6295,24118.6705,0.0422,131072.0,2048.0,0.0062,2.7172,0.027,2.7204,32,6,1,32,2M,ior_rw_n-1_ppn-32_tx-2m_1782525741.csv,47.05237255859375
write,97600.1212,48918.0495,0.0208,131072.0,2048.0,0.0064,1.3397,0.0144,1.3429,32,7,1,32,2M,ior_rw_n-1_ppn-32_tx-2m_1782525741.csv,95.312618359375
read,48224.6511,24140.6869,0.0421,131072.0,2048.0,0.0063,2.7148,0.0276,2.7179,32,7,1,32,2M,ior_rw_n-1_ppn-32_tx-2m_1782525741.csv,47.09438583984375
write,95698.0819,47962.8053,0.0211,131072.0,2048.0,0.0064,1.3664,0.0178,1.3696,32,8,1,32,2M,ior_rw_n-1_ppn-32_tx-2m_1782525741.csv,93.45515810546875
read,48238.5642,24147.7129,0.0422,131072.0,2048.0,0.0063,2.714,0.024,2.7172,32,8,1,32,2M,ior_rw_n-1_ppn-32_tx-2m_1782525741.csv,47.1079728515625
write,97792.3121,49015.7382,0.0207,131072.0,2048.0,0.0064,1.337,0.0163,1.3403,32,9,1,32,2M,ior_rw_n-1_ppn-32_tx-2m_1782525741.csv,95.50030478515625
read,48325.4487,24191.3812,0.0421,131072.0,2048.0,0.0063,2.7091,0.0156,2.7123,32,9,1,32,2M,ior_rw_n-1_ppn-32_tx-2m_1782525741.csv,47.19282099609375
write,97165.9504,48713.2582,0.0209,131072.0,2048.0,0.007,1.3453,0.0121,1.3489,32,0,1,32,2M,ior_rw_n-1_ppn-32_tx-2m_1782526131.csv,94.8886234375
read,48114.7037,24087.0065,0.0422,131072.0,2048.0,0.0069,2.7208,0.0215,2.7242,32,0,1,32,2M,ior_rw_n-1_ppn-32_tx-2m_1782526131.csv,46.98701533203125
write,95575.3329,47901.3225,0.021,131072.0,2048.0,0.0064,1.3681,0.0232,1.3714,32,1,1,32,2M,ior_rw_n-1_ppn-32_tx-2m_1782526131.csv,93.33528603515624
read,48183.116,24120.0207,0.0419,131072.0,2048.0,0.0064,2.7171,0.0329,2.7203,32,1,1,32,2M,ior_rw_n-1_ppn-32_tx-2m_1782526131.csv,47.05382421875
write,95969.9362,48096.5359,0.0211,131072.0,2048.0,0.0062,1.3626,0.018,1.3658,32,2,1,32,2M,ior_rw_n-1_ppn-32_tx-2m_1782526131.csv,93.7206408203125
read,48405.3832,24230.4245,0.042,131072.0,2048.0,0.0062,2.7047,0.0164,2.7078,32,2,1,32,2M,ior_rw_n-1_ppn-32_tx-2m_1782526131.csv,47.27088203125
write,97859.6272,49051.1011,0.0207,131072.0,2048.0,0.0065,1.3361,0.0121,1.3394,32,3,1,32,2M,ior_rw_n-1_ppn-32_tx-2m_1782526131.csv,95.5660421875
read,48056.0444,24056.5286,0.0423,131072.0,2048.0,0.0064,2.7243,0.027,2.7275,32,3,1,32,2M,ior_rw_n-1_ppn-32_tx-2m_1782526131.csv,46.929730859375
write,98029.1165,49144.7091,0.0207,131072.0,2048.0,0.0069,1.3335,0.0117,1.3371,32,4,1,32,2M,ior_rw_n-1_ppn-32_tx-2m_1782526131.csv,95.73155908203125
read,48263.9824,24163.0175,0.0421,131072.0,2048.0,0.0069,2.7122,0.024,2.7157,32,4,1,32,2M,ior_rw_n-1_ppn-32_tx-2m_1782526131.csv,47.1327953125
write,98048.4182,49146.0798,0.0208,131072.0,2048.0,0.0065,1.3335,0.0097,1.3368,32,5,1,32,2M,ior_rw_n-1_ppn-32_tx-2m_1782526131.csv,95.7504083984375
read,48043.8737,24050.694,0.0423,131072.0,2048.0,0.0064,2.7249,0.0275,2.7282,32,5,1,32,2M,ior_rw_n-1_ppn-32_tx-2m_1782526131.csv,46.91784541015625
write,97954.8306,49100.2021,0.0206,131072.0,2048.0,0.0065,1.3347,0.0159,1.3381,32,6,1,32,2M,ior_rw_n-1_ppn-32_tx-2m_1782526131.csv,95.6590142578125
read,48203.8851,24131.1226,0.042,131072.0,2048.0,0.0065,2.7158,0.0258,2.7191,32,6,1,32,2M,ior_rw_n-1_ppn-32_tx-2m_1782526131.csv,47.07410654296875
write,97645.141,48948.0064,0.0207,131072.0,2048.0,0.0067,1.3389,0.0197,1.3423,32,7,1,32,2M,ior_rw_n-1_ppn-32_tx-2m_1782526131.csv,95.3565830078125
read,48281.8699,24170.9938,0.0422,131072.0,2048.0,0.0067,2.7113,0.0205,2.7147,32,7,1,32,2M,ior_rw_n-1_ppn-32_tx-2m_1782526131.csv,47.15026357421875
write,97746.6526,48991.3297,0.0207,131072.0,2048.0,0.0063,1.3377,0.0162,1.3409,32,8,1,32,2M,ior_rw_n-1_ppn-32_tx-2m_1782526131.csv,95.4557154296875
read,48037.8873,24046.9888,0.0422,131072.0,2048.0,0.0063,2.7253,0.0238,2.7285,32,8,1,32,2M,ior_rw_n-1_ppn-32_tx-2m_1782526131.csv,46.91199931640625
write,97782.015,49014.9603,0.0208,131072.0,2048.0,0.0067,1.3371,0.0128,1.3405,32,9,1,32,2M,ior_rw_n-1_ppn-32_tx-2m_1782526131.csv,95.4902490234375
read,48289.4485,24174.5416,0.0422,131072.0,2048.0,0.0066,2.711,0.0184,2.7143,32,9,1,32,2M,ior_rw_n-1_ppn-32_tx-2m_1782526131.csv,47.15766455078125
write,173977.6899,10896.4566,0.2098,131072.0,16384.0,0.0069,1.6916,0.054,1.6951,48,0,1,48,16M,ior_rw_n-1_ppn-48_tx-16m_1782525887.csv,169.90008779296875
read,109614.8255,6860.6493,0.3078,131072.0,16384.0,0.0079,2.6866,0.4854,2.6904,48,0,1,48,16M,ior_rw_n-1_ppn-48_tx-16m_1782525887.csv,107.04572802734376
write,174336.6214,10920.1503,0.2076,131072.0,16384.0,0.0072,1.6879,0.0512,1.6916,48,1,1,48,16M,ior_rw_n-1_ppn-48_tx-16m_1782525887.csv,170.2506068359375
read,109402.8841,6846.6661,0.3002,131072.0,16384.0,0.0072,2.6921,0.4168,2.6957,48,1,1,48,16M,ior_rw_n-1_ppn-48_tx-16m_1782525887.csv,106.83875400390625
write,172179.112,10782.471,0.2106,131072.0,16384.0,0.0068,1.7094,0.0594,1.7128,48,2,1,48,16M,ior_rw_n-1_ppn-48_tx-16m_1782525887.csv,168.1436640625
read,106394.3752,6658.6059,0.3208,131072.0,16384.0,0.0073,2.7681,0.6256,2.7719,48,2,1,48,16M,ior_rw_n-1_ppn-48_tx-16m_1782525887.csv,103.90075703125
write,173736.725,10880.9547,0.2039,131072.0,16384.0,0.0069,1.694,0.0627,1.6975,48,3,1,48,16M,ior_rw_n-1_ppn-48_tx-16m_1782525887.csv,169.6647705078125
read,107933.8927,6755.3775,0.3162,131072.0,16384.0,0.0076,2.7285,0.5952,2.7323,48,3,1,48,16M,ior_rw_n-1_ppn-48_tx-16m_1782525887.csv,105.40419208984375
write,174231.2505,10910.2857,0.2087,131072.0,16384.0,0.0063,1.6894,0.1039,1.6926,48,4,1,48,16M,ior_rw_n-1_ppn-48_tx-16m_1782525887.csv,170.14770556640624
read,109985.0773,6882.9102,0.3155,131072.0,16384.0,0.0068,2.6779,0.5046,2.6814,48,4,1,48,16M,ior_rw_n-1_ppn-48_tx-16m_1782525887.csv,107.40730205078125
write,173880.427,10889.0927,0.2095,131072.0,16384.0,0.0066,1.6927,0.0819,1.6961,48,5,1,48,16M,ior_rw_n-1_ppn-48_tx-16m_1782525887.csv,169.8051044921875
read,111664.2613,6988.2161,0.3248,131072.0,16384.0,0.0069,2.6376,0.6202,2.6411,48,5,1,48,16M,ior_rw_n-1_ppn-48_tx-16m_1782525887.csv,109.04713017578125
write,173750.1229,10882.6119,0.2101,131072.0,16384.0,0.007,1.6937,0.0832,1.6973,48,6,1,48,16M,ior_rw_n-1_ppn-48_tx-16m_1782525887.csv,169.67785439453124
read,108264.0433,6775.5939,0.3127,131072.0,16384.0,0.0072,2.7204,0.4821,2.724,48,6,1,48,16M,ior_rw_n-1_ppn-48_tx-16m_1782525887.csv,105.72660478515625
write,173486.8393,10862.967,0.2086,131072.0,16384.0,0.0061,1.6968,0.0703,1.6999,48,7,1,48,16M,ior_rw_n-1_ppn-48_tx-16m_1782525887.csv,169.42074150390624
read,115529.7504,7229.7462,0.2739,131072.0,16384.0,0.0064,2.5495,0.6189,2.5527,48,7,1,48,16M,ior_rw_n-1_ppn-48_tx-16m_1782525887.csv,112.822021875
write,173813.6263,10887.941,0.2112,131072.0,16384.0,0.0075,1.6929,0.0686,1.6967,48,8,1,48,16M,ior_rw_n-1_ppn-48_tx-16m_1782525887.csv,169.73986943359375
read,114639.7449,7175.2763,0.2925,131072.0,16384.0,0.0072,2.5688,0.501,2.5725,48,8,1,48,16M,ior_rw_n-1_ppn-48_tx-16m_1782525887.csv,111.95287587890626
write,174645.2148,10937.0235,0.2101,131072.0,16384.0,0.0066,1.6853,0.0615,1.6886,48,9,1,48,16M,ior_rw_n-1_ppn-48_tx-16m_1782525887.csv,170.551967578125
read,109285.1548,6839.3879,0.2981,131072.0,16384.0,0.007,2.695,0.6633,2.6986,48,9,1,48,16M,ior_rw_n-1_ppn-48_tx-16m_1782525887.csv,106.723783984375
write,173594.7708,10872.9832,0.2109,131072.0,16384.0,0.0071,1.6952,0.0661,1.6989,48,0,1,48,16M,ior_rw_n-1_ppn-48_tx-16m_1782526277.csv,169.526143359375
read,111637.9678,6987.803,0.3023,131072.0,16384.0,0.0082,2.6377,0.5116,2.6417,48,0,1,48,16M,ior_rw_n-1_ppn-48_tx-16m_1782526277.csv,109.0214529296875
write,173878.3982,10890.1925,0.2096,131072.0,16384.0,0.0068,1.6925,0.0554,1.6961,48,1,1,48,16M,ior_rw_n-1_ppn-48_tx-16m_1782526277.csv,169.8031232421875
read,109742.3402,6867.7489,0.3241,131072.0,16384.0,0.007,2.6838,0.5888,2.6873,48,1,1,48,16M,ior_rw_n-1_ppn-48_tx-16m_1782526277.csv,107.1702541015625
write,172141.8279,10779.8234,0.2115,131072.0,16384.0,0.0065,1.7099,0.0891,1.7132,48,2,1,48,16M,ior_rw_n-1_ppn-48_tx-16m_1782526277.csv,168.10725380859375
read,113309.5054,7091.3249,0.3085,131072.0,16384.0,0.0069,2.5992,0.5573,2.6027,48,2,1,48,16M,ior_rw_n-1_ppn-48_tx-16m_1782526277.csv,110.6538138671875
write,174081.8233,10901.5609,0.2076,131072.0,16384.0,0.0066,1.6908,0.0639,1.6941,48,3,1,48,16M,ior_rw_n-1_ppn-48_tx-16m_1782526277.csv,170.00178056640624
read,108356.0937,6781.0901,0.3209,131072.0,16384.0,0.007,2.7181,0.5588,2.7217,48,3,1,48,16M,ior_rw_n-1_ppn-48_tx-16m_1782526277.csv,105.81649775390625
write,174452.3052,10924.9835,0.2062,131072.0,16384.0,0.0066,1.6871,0.0645,1.6905,48,4,1,48,16M,ior_rw_n-1_ppn-48_tx-16m_1782526277.csv,170.363579296875
read,113517.8013,7104.6695,0.2942,131072.0,16384.0,0.0071,2.5944,0.3585,2.5979,48,4,1,48,16M,ior_rw_n-1_ppn-48_tx-16m_1782526277.csv,110.85722783203126
write,174336.9408,10919.1339,0.207,131072.0,16384.0,0.007,1.688,0.0625,1.6916,48,5,1,48,16M,ior_rw_n-1_ppn-48_tx-16m_1782526277.csv,170.25091875
read,116039.0674,7262.8381,0.3024,131072.0,16384.0,0.0072,2.5379,0.5114,2.5415,48,5,1,48,16M,ior_rw_n-1_ppn-48_tx-16m_1782526277.csv,113.3194017578125
write,173976.9558,10896.7207,0.2072,131072.0,16384.0,0.007,1.6915,0.0577,1.6951,48,6,1,48,16M,ior_rw_n-1_ppn-48_tx-16m_1782526277.csv,169.8993708984375
read,114672.8186,7176.7543,0.2844,131072.0,16384.0,0.0068,2.5683,0.4302,2.5718,48,6,1,48,16M,ior_rw_n-1_ppn-48_tx-16m_1782526277.csv,111.9851744140625
write,173511.7346,10868.1301,0.2091,131072.0,16384.0,0.0072,1.696,0.0511,1.6997,48,7,1,48,16M,ior_rw_n-1_ppn-48_tx-16m_1782526277.csv,169.4450533203125
read,114050.4082,7138.1486,0.2991,131072.0,16384.0,0.0071,2.5822,0.5174,2.5858,48,7,1,48,16M,ior_rw_n-1_ppn-48_tx-16m_1782526277.csv,111.3773517578125
write,173789.9628,10885.5356,0.2079,131072.0,16384.0,0.0072,1.6933,0.0532,1.6969,48,8,1,48,16M,ior_rw_n-1_ppn-48_tx-16m_1782526277.csv,169.716760546875
read,110969.0498,6944.7821,0.2942,131072.0,16384.0,0.007,2.6541,0.4844,2.6576,48,8,1,48,16M,ior_rw_n-1_ppn-48_tx-16m_1782526277.csv,108.3682126953125
write,174423.9417,10922.6466,0.207,131072.0,16384.0,0.0066,1.6875,0.0416,1.6908,48,9,1,48,16M,ior_rw_n-1_ppn-48_tx-16m_1782526277.csv,170.33588056640625
read,110516.3878,6916.0345,0.2955,131072.0,16384.0,0.0066,2.6651,0.7097,2.6685,48,9,1,48,16M,ior_rw_n-1_ppn-48_tx-16m_1782526277.csv,107.9261599609375
write,135964.3596,68100.4512,0.0338,131072.0,2048.0,0.0073,2.1653,0.0433,2.169,48,0,1,48,2M,ior_rw_n-1_ppn-48_tx-2m_1782525816.csv,132.777694921875
read,71824.0681,35941.8653,0.064,131072.0,2048.0,0.0071,4.1026,0.0345,4.106,48,0,1,48,2M,ior_rw_n-1_ppn-48_tx-2m_1782525816.csv,70.14069150390625
write,133390.205,66790.6229,0.0343,131072.0,2048.0,0.0061,2.2077,0.035,2.2109,48,1,1,48,2M,ior_rw_n-1_ppn-48_tx-2m_1782525816.csv,130.2638720703125
read,71886.5338,35971.9324,0.0638,131072.0,2048.0,0.0066,4.0992,0.0442,4.1025,48,1,1,48,2M,ior_rw_n-1_ppn-48_tx-2m_1782525816.csv,70.2016931640625
write,137788.4155,68999.569,0.0333,131072.0,2048.0,0.0063,2.1371,0.0219,2.1403,48,2,1,48,2M,ior_rw_n-1_ppn-48_tx-2m_1782525816.csv,134.55899951171875
read,71784.0536,35921.6329,0.0637,131072.0,2048.0,0.0066,4.1049,0.0305,4.1083,48,2,1,48,2M,ior_rw_n-1_ppn-48_tx-2m_1782525816.csv,70.10161484375
write,138093.4705,69157.4818,0.0331,131072.0,2048.0,0.0066,2.1322,0.0213,2.1356,48,3,1,48,2M,ior_rw_n-1_ppn-48_tx-2m_1782525816.csv,134.85690478515625
read,71901.5936,35982.07,0.0639,131072.0,2048.0,0.0071,4.098,0.0351,4.1016,48,3,1,48,2M,ior_rw_n-1_ppn-48_tx-2m_1782525816.csv,70.2164
write,138213.7181,69216.3347,0.0331,131072.0,2048.0,0.0066,2.1304,0.0229,2.1337,48,4,1,48,2M,ior_rw_n-1_ppn-48_tx-2m_1782525816.csv,134.97433408203125
read,71620.2894,35841.0344,0.0639,131072.0,2048.0,0.007,4.1142,0.0399,4.1177,48,4,1,48,2M,ior_rw_n-1_ppn-48_tx-2m_1782525816.csv,69.9416888671875
write,137929.5536,69084.0023,0.0331,131072.0,2048.0,0.0072,2.1344,0.0225,2.1381,48,5,1,48,2M,ior_rw_n-1_ppn-48_tx-2m_1782525816.csv,134.6968296875
read,71905.8862,35984.8983,0.0636,131072.0,2048.0,0.0072,4.0977,0.0352,4.1014,48,5,1,48,2M,ior_rw_n-1_ppn-48_tx-2m_1782525816.csv,70.2205919921875
write,136624.2932,68426.1112,0.0335,131072.0,2048.0,0.007,2.155,0.0235,2.1586,48,6,1,48,2M,ior_rw_n-1_ppn-48_tx-2m_1782525816.csv,133.422161328125
read,71879.4783,35970.2295,0.0636,131072.0,2048.0,0.0068,4.0994,0.034,4.1029,48,6,1,48,2M,ior_rw_n-1_ppn-48_tx-2m_1782525816.csv,70.19480302734375
write,138360.9137,69284.2124,0.0331,131072.0,2048.0,0.0062,2.1283,0.0162,2.1315,48,7,1,48,2M,ior_rw_n-1_ppn-48_tx-2m_1782525816.csv,135.11807978515625
read,71746.643,35902.4861,0.0638,131072.0,2048.0,0.0066,4.1071,0.0373,4.1105,48,7,1,48,2M,ior_rw_n-1_ppn-48_tx-2m_1782525816.csv,70.0650810546875
write,138269.384,69242.9612,0.033,131072.0,2048.0,0.0064,2.1295,0.0178,2.1329,48,8,1,48,2M,ior_rw_n-1_ppn-48_tx-2m_1782525816.csv,135.0286953125
read,71908.9377,35984.2933,0.0636,131072.0,2048.0,0.0067,4.0978,0.0337,4.1012,48,8,1,48,2M,ior_rw_n-1_ppn-48_tx-2m_1782525816.csv,70.22357197265625
write,136602.2043,68408.0756,0.0336,131072.0,2048.0,0.0065,2.1555,0.0198,2.1589,48,9,1,48,2M,ior_rw_n-1_ppn-48_tx-2m_1782525816.csv,133.40059013671876
read,72002.5112,36032.5747,0.0637,131072.0,2048.0,0.007,4.0923,0.0315,4.0959,48,9,1,48,2M,ior_rw_n-1_ppn-48_tx-2m_1782525816.csv,70.31495234375
write,137759.658,68996.6901,0.0331,131072.0,2048.0,0.0073,2.1371,0.021,2.1408,48,0,1,48,2M,ior_rw_n-1_ppn-48_tx-2m_1782526206.csv,134.530916015625
read,71810.2872,35937.2144,0.0639,131072.0,2048.0,0.0076,4.1032,0.0419,4.1068,48,0,1,48,2M,ior_rw_n-1_ppn-48_tx-2m_1782526206.csv,70.12723359375
write,135651.7864,67946.8157,0.0337,131072.0,2048.0,0.0074,2.1702,0.0189,2.174,48,1,1,48,2M,ior_rw_n-1_ppn-48_tx-2m_1782526206.csv,132.47244765625
read,71782.7914,35922.6115,0.0638,131072.0,2048.0,0.0072,4.1048,0.0372,4.1084,48,1,1,48,2M,ior_rw_n-1_ppn-48_tx-2m_1782526206.csv,70.1003822265625
write,137896.6016,69056.6959,0.0332,131072.0,2048.0,0.0066,2.1353,0.0237,2.1386,48,2,1,48,2M,ior_rw_n-1_ppn-48_tx-2m_1782526206.csv,134.66465
read,71946.7439,36005.6171,0.0635,131072.0,2048.0,0.0072,4.0954,0.0386,4.099,48,2,1,48,2M,ior_rw_n-1_ppn-48_tx-2m_1782526206.csv,70.26049208984375
write,136905.3269,68561.7998,0.0333,131072.0,2048.0,0.0066,2.1507,0.0206,2.1541,48,3,1,48,2M,ior_rw_n-1_ppn-48_tx-2m_1782526206.csv,133.69660830078124
read,71796.7034,35928.6966,0.0638,131072.0,2048.0,0.0068,4.1041,0.0391,4.1076,48,3,1,48,2M,ior_rw_n-1_ppn-48_tx-2m_1782526206.csv,70.1139681640625
write,138434.1101,69329.6236,0.033,131072.0,2048.0,0.0067,2.1269,0.0154,2.1303,48,4,1,48,2M,ior_rw_n-1_ppn-48_tx-2m_1782526206.csv,135.18956064453124
read,71883.5218,35972.4492,0.0639,131072.0,2048.0,0.0069,4.0991,0.0254,4.1026,48,4,1,48,2M,ior_rw_n-1_ppn-48_tx-2m_1782526206.csv,70.1987517578125
write,138071.5513,69145.9382,0.0332,131072.0,2048.0,0.0066,2.1325,0.0246,2.1359,48,5,1,48,2M,ior_rw_n-1_ppn-48_tx-2m_1782526206.csv,134.83549931640624
read,71938.2122,35998.6719,0.0637,131072.0,2048.0,0.0066,4.0962,0.0283,4.0995,48,5,1,48,2M,ior_rw_n-1_ppn-48_tx-2m_1782526206.csv,70.2521603515625
write,136539.8386,68380.9833,0.0336,131072.0,2048.0,0.0068,2.1564,0.029,2.1599,48,6,1,48,2M,ior_rw_n-1_ppn-48_tx-2m_1782526206.csv,133.3396861328125
read,72001.7945,36031.8273,0.0638,131072.0,2048.0,0.0069,4.0924,0.0259,4.0959,48,6,1,48,2M,ior_rw_n-1_ppn-48_tx-2m_1782526206.csv,70.31425244140625
write,138266.3238,69247.9075,0.033,131072.0,2048.0,0.0068,2.1294,0.0242,2.1329,48,7,1,48,2M,ior_rw_n-1_ppn-48_tx-2m_1782526206.csv,135.0257068359375
read,71810.1997,35934.928,0.0637,131072.0,2048.0,0.0067,4.1034,0.0337,4.1068,48,7,1,48,2M,ior_rw_n-1_ppn-48_tx-2m_1782526206.csv,70.12714814453125
write,138088.9998,69161.9286,0.0331,131072.0,2048.0,0.007,2.132,0.0223,2.1357,48,8,1,48,2M,ior_rw_n-1_ppn-48_tx-2m_1782526206.csv,134.8525388671875
read,71986.1523,36024.8384,0.0638,131072.0,2048.0,0.0071,4.0932,0.0278,4.0968,48,8,1,48,2M,ior_rw_n-1_ppn-48_tx-2m_1782526206.csv,70.29897685546875
write,138472.0628,69339.7361,0.0331,131072.0,2048.0,0.0062,2.1266,0.0131,2.1298,48,9,1,48,2M,ior_rw_n-1_ppn-48_tx-2m_1782526206.csv,135.226623828125
read,71929.5277,35994.1026,0.0638,131072.0,2048.0,0.0066,4.0967,0.0233,4.1,48,9,1,48,2M,ior_rw_n-1_ppn-48_tx-2m_1782526206.csv,70.24367939453126
write,87636.5209,5699.4027,0.0107,131072.0,16384.0,0.007,0.0898,0.0047,0.0935,8,0,1,8,16M,ior_rw_n-1_ppn-8_tx-16m_1782525691.csv,85.58253994140625
read,66603.2258,4279.5779,0.0143,131072.0,16384.0,0.0067,0.1196,0.0056,0.123,8,0,1,8,16M,ior_rw_n-1_ppn-8_tx-16m_1782525691.csv,65.0422126953125
write,89638.8548,5821.8057,0.0106,131072.0,16384.0,0.0067,0.0879,0.0034,0.0914,8,1,1,8,16M,ior_rw_n-1_ppn-8_tx-16m_1782525691.csv,87.537944140625
read,66325.0112,4257.3747,0.0145,131072.0,16384.0,0.0066,0.1203,0.0044,0.1235,8,1,1,8,16M,ior_rw_n-1_ppn-8_tx-16m_1782525691.csv,64.77051875
write,88570.8646,5740.4154,0.0104,131072.0,16384.0,0.0065,0.0892,0.006,0.0925,8,2,1,8,16M,ior_rw_n-1_ppn-8_tx-16m_1782525691.csv,86.4949849609375
read,66022.4593,4236.7292,0.0146,131072.0,16384.0,0.0064,0.1208,0.0039,0.1241,8,2,1,8,16M,ior_rw_n-1_ppn-8_tx-16m_1782525691.csv,64.47505791015625
write,90483.2262,5864.3653,0.0103,131072.0,16384.0,0.0063,0.0873,0.0051,0.0905,8,3,1,8,16M,ior_rw_n-1_ppn-8_tx-16m_1782525691.csv,88.3625255859375
read,66028.803,4234.5571,0.0146,131072.0,16384.0,0.0064,0.1209,0.004,0.1241,8,3,1,8,16M,ior_rw_n-1_ppn-8_tx-16m_1782525691.csv,64.4812529296875
write,89311.2593,5783.5486,0.0105,131072.0,16384.0,0.0063,0.0885,0.0045,0.0917,8,4,1,8,16M,ior_rw_n-1_ppn-8_tx-16m_1782525691.csv,87.21802666015626
read,65899.2523,4225.0844,0.0146,131072.0,16384.0,0.0062,0.1212,0.0045,0.1243,8,4,1,8,16M,ior_rw_n-1_ppn-8_tx-16m_1782525691.csv,64.35473857421874
write,90008.2212,5830.1035,0.0105,131072.0,16384.0,0.0063,0.0878,0.0036,0.091,8,5,1,8,16M,ior_rw_n-1_ppn-8_tx-16m_1782525691.csv,87.898653515625
read,65592.1731,4230.1446,0.0146,131072.0,16384.0,0.007,0.121,0.0044,0.1249,8,5,1,8,16M,ior_rw_n-1_ppn-8_tx-16m_1782525691.csv,64.05485654296875
write,89718.4354,5816.5232,0.0103,131072.0,16384.0,0.0065,0.088,0.0054,0.0913,8,6,1,8,16M,ior_rw_n-1_ppn-8_tx-16m_1782525691.csv,87.6156595703125
read,65800.8158,4226.0572,0.0147,131072.0,16384.0,0.0065,0.1212,0.004,0.1245,8,6,1,8,16M,ior_rw_n-1_ppn-8_tx-16m_1782525691.csv,64.2586091796875
write,88842.7047,5769.1455,0.0105,131072.0,16384.0,0.0068,0.0887,0.0049,0.0922,8,7,1,8,16M,ior_rw_n-1_ppn-8_tx-16m_1782525691.csv,86.76045380859375
read,65811.9067,4228.0541,0.0145,131072.0,16384.0,0.0067,0.1211,0.005,0.1245,8,7,1,8,16M,ior_rw_n-1_ppn-8_tx-16m_1782525691.csv,64.26944013671876
write,89708.5972,5810.8415,0.0106,131072.0,16384.0,0.0063,0.0881,0.0037,0.0913,8,8,1,8,16M,ior_rw_n-1_ppn-8_tx-16m_1782525691.csv,87.606051953125
read,66137.088,4240.7619,0.0146,131072.0,16384.0,0.0062,0.1207,0.0041,0.1239,8,8,1,8,16M,ior_rw_n-1_ppn-8_tx-16m_1782525691.csv,64.587
write,89655.4615,5815.7514,0.0105,131072.0,16384.0,0.0066,0.088,0.0041,0.0914,8,9,1,8,16M,ior_rw_n-1_ppn-8_tx-16m_1782525691.csv,87.55416162109375
read,66064.9856,4240.7954,0.0146,131072.0,16384.0,0.0065,0.1207,0.0038,0.124,8,9,1,8,16M,ior_rw_n-1_ppn-8_tx-16m_1782525691.csv,64.5165875
write,87253.7421,5657.3321,0.0107,131072.0,16384.0,0.0065,0.0905,0.0052,0.0939,8,0,1,8,16M,ior_rw_n-1_ppn-8_tx-16m_1782526081.csv,85.20873251953125
read,65686.3441,4210.5541,0.0147,131072.0,16384.0,0.0063,0.1216,0.0042,0.1247,8,0,1,8,16M,ior_rw_n-1_ppn-8_tx-16m_1782526081.csv,64.14682041015625
write,90268.0961,5855.0437,0.0105,131072.0,16384.0,0.0064,0.0874,0.0031,0.0908,8,1,1,8,16M,ior_rw_n-1_ppn-8_tx-16m_1782526081.csv,88.15243759765625
read,65832.5862,4221.2142,0.0145,131072.0,16384.0,0.0063,0.1213,0.0052,0.1244,8,1,1,8,16M,ior_rw_n-1_ppn-8_tx-16m_1782526081.csv,64.2896349609375
write,90707.7645,5881.8731,0.0105,131072.0,16384.0,0.0064,0.087,0.0033,0.0903,8,2,1,8,16M,ior_rw_n-1_ppn-8_tx-16m_1782526081.csv,88.58180126953125
read,65716.8728,4215.5133,0.0146,131072.0,16384.0,0.0064,0.1215,0.0045,0.1247,8,2,1,8,16M,ior_rw_n-1_ppn-8_tx-16m_1782526081.csv,64.17663359375
write,89872.8493,5833.762,0.0104,131072.0,16384.0,0.0066,0.0878,0.0046,0.0912,8,3,1,8,16M,ior_rw_n-1_ppn-8_tx-16m_1782526081.csv,87.76645439453125
read,65548.5024,4207.172,0.0146,131072.0,16384.0,0.0066,0.1217,0.0051,0.125,8,3,1,8,16M,ior_rw_n-1_ppn-8_tx-16m_1782526081.csv,64.012209375
write,90219.2701,5861.8201,0.0103,131072.0,16384.0,0.0068,0.0873,0.0049,0.0908,8,4,1,8,16M,ior_rw_n-1_ppn-8_tx-16m_1782526081.csv,88.10475595703124
read,65444.8769,4204.1657,0.0145,131072.0,16384.0,0.0067,0.1218,0.0057,0.1252,8,4,1,8,16M,ior_rw_n-1_ppn-8_tx-16m_1782526081.csv,63.91101259765625
write,89674.1806,5820.8904,0.0107,131072.0,16384.0,0.0067,0.088,0.0028,0.0914,8,5,1,8,16M,ior_rw_n-1_ppn-8_tx-16m_1782526081.csv,87.5724419921875
read,65911.388,4232.5874,0.0147,131072.0,16384.0,0.0067,0.121,0.0037,0.1243,8,5,1,8,16M,ior_rw_n-1_ppn-8_tx-16m_1782526081.csv,64.36658984375
write,89534.911,5816.8541,0.0105,131072.0,16384.0,0.0068,0.088,0.0042,0.0915,8,6,1,8,16M,ior_rw_n-1_ppn-8_tx-16m_1782526081.csv,87.4364365234375
read,65945.9231,4234.9412,0.0145,131072.0,16384.0,0.0066,0.1209,0.0048,0.1242,8,6,1,8,16M,ior_rw_n-1_ppn-8_tx-16m_1782526081.csv,64.40031552734375
write,89162.7008,5780.8552,0.0104,131072.0,16384.0,0.0065,0.0886,0.0052,0.0919,8,7,1,8,16M,ior_rw_n-1_ppn-8_tx-16m_1782526081.csv,87.07295
read,65761.1458,4219.8622,0.0144,131072.0,16384.0,0.0064,0.1213,0.0059,0.1246,8,7,1,8,16M,ior_rw_n-1_ppn-8_tx-16m_1782526081.csv,64.2198689453125
write,90186.3543,5851.0874,0.0104,131072.0,16384.0,0.0065,0.0875,0.0042,0.0908,8,8,1,8,16M,ior_rw_n-1_ppn-8_tx-16m_1782526081.csv,88.07261162109376
read,65826.6584,4224.8018,0.0146,131072.0,16384.0,0.0064,0.1212,0.0047,0.1244,8,8,1,8,16M,ior_rw_n-1_ppn-8_tx-16m_1782526081.csv,64.28384609375
write,90235.1446,5858.7975,0.0107,131072.0,16384.0,0.0067,0.0874,0.0019,0.0908,8,9,1,8,16M,ior_rw_n-1_ppn-8_tx-16m_1782526081.csv,88.1202583984375
read,65978.8474,4237.6739,0.0145,131072.0,16384.0,0.0066,0.1208,0.0049,0.1242,8,9,1,8,16M,ior_rw_n-1_ppn-8_tx-16m_1782526081.csv,64.4324681640625
write,14974.7282,7539.6401,0.0082,131072.0,2048.0,0.0073,0.5433,0.0162,0.5471,8,0,1,8,2M,ior_rw_n-1_ppn-8_tx-2m_1782525674.csv,14.6237580078125
read,15301.5367,7717.8763,0.0082,131072.0,2048.0,0.0082,0.5307,0.0047,0.5354,8,0,1,8,2M,ior_rw_n-1_ppn-8_tx-2m_1782525674.csv,14.94290693359375
write,21179.0185,10686.4838,0.006,131072.0,2048.0,0.0068,0.3833,0.0135,0.3868,8,1,1,8,2M,ior_rw_n-1_ppn-8_tx-2m_1782525674.csv,20.68263525390625
read,15061.7041,7578.0825,0.0084,131072.0,2048.0,0.0068,0.5405,0.0057,0.5439,8,1,1,8,2M,ior_rw_n-1_ppn-8_tx-2m_1782525674.csv,14.70869541015625
write,22471.0483,11333.1076,0.0055,131072.0,2048.0,0.0062,0.3614,0.0074,0.3646,8,2,1,8,2M,ior_rw_n-1_ppn-8_tx-2m_1782525674.csv,21.94438310546875
read,15361.9718,7725.5464,0.0082,131072.0,2048.0,0.0061,0.5302,0.0065,0.5333,8,2,1,8,2M,ior_rw_n-1_ppn-8_tx-2m_1782525674.csv,15.0019255859375
write,22734.4681,11471.8458,0.0055,131072.0,2048.0,0.0064,0.357,0.006,0.3603,8,3,1,8,2M,ior_rw_n-1_ppn-8_tx-2m_1782525674.csv,22.20162900390625
read,15279.6193,7686.9934,0.0083,131072.0,2048.0,0.0065,0.5328,0.0043,0.5361,8,3,1,8,2M,ior_rw_n-1_ppn-8_tx-2m_1782525674.csv,14.92150322265625
write,22830.8916,11526.7252,0.0055,131072.0,2048.0,0.0068,0.3553,0.0038,0.3588,8,4,1,8,2M,ior_rw_n-1_ppn-8_tx-2m_1782525674.csv,22.295792578125
read,15067.1332,7580.0351,0.0084,131072.0,2048.0,0.0066,0.5404,0.0067,0.5437,8,4,1,8,2M,ior_rw_n-1_ppn-8_tx-2m_1782525674.csv,14.713997265625
write,22784.5493,11499.2816,0.0054,131072.0,2048.0,0.0065,0.3562,0.0079,0.3595,8,5,1,8,2M,ior_rw_n-1_ppn-8_tx-2m_1782525674.csv,22.25053642578125
read,14525.851,7304.6177,0.0087,131072.0,2048.0,0.0065,0.5607,0.0061,0.564,8,5,1,8,2M,ior_rw_n-1_ppn-8_tx-2m_1782525674.csv,14.1854013671875
write,22985.6087,11602.5712,0.0054,131072.0,2048.0,0.0066,0.353,0.0048,0.3564,8,6,1,8,2M,ior_rw_n-1_ppn-8_tx-2m_1782525674.csv,22.44688349609375
read,13739.1361,6907.1576,0.0092,131072.0,2048.0,0.0064,0.593,0.0118,0.5963,8,6,1,8,2M,ior_rw_n-1_ppn-8_tx-2m_1782525674.csv,13.41712509765625
write,23087.1104,11656.1644,0.0054,131072.0,2048.0,0.0067,0.3514,0.0065,0.3548,8,7,1,8,2M,ior_rw_n-1_ppn-8_tx-2m_1782525674.csv,22.54600625
read,12905.1339,6486.9767,0.0098,131072.0,2048.0,0.0066,0.6314,0.0078,0.6348,8,7,1,8,2M,ior_rw_n-1_ppn-8_tx-2m_1782525674.csv,12.60266982421875
write,23196.808,11708.204,0.0054,131072.0,2048.0,0.0065,0.3498,0.0061,0.3532,8,8,1,8,2M,ior_rw_n-1_ppn-8_tx-2m_1782525674.csv,22.6531328125
read,12114.9186,6086.8791,0.0103,131072.0,2048.0,0.0065,0.6729,0.011,0.6762,8,8,1,8,2M,ior_rw_n-1_ppn-8_tx-2m_1782525674.csv,11.8309751953125
write,23325.9393,11772.42,0.0054,131072.0,2048.0,0.0064,0.3479,0.0043,0.3512,8,9,1,8,2M,ior_rw_n-1_ppn-8_tx-2m_1782525674.csv,22.77923759765625
read,11643.0945,5848.3387,0.0108,131072.0,2048.0,0.0064,0.7004,0.0126,0.7036,8,9,1,8,2M,ior_rw_n-1_ppn-8_tx-2m_1782525674.csv,11.37020947265625
write,22412.9589,11313.9786,0.0056,131072.0,2048.0,0.0067,0.362,0.0066,0.3655,8,0,1,8,2M,ior_rw_n-1_ppn-8_tx-2m_1782526064.csv,21.88765517578125
read,11075.4335,5561.99,0.0114,131072.0,2048.0,0.0064,0.7364,0.0093,0.7397,8,0,1,8,2M,ior_rw_n-1_ppn-8_tx-2m_1782526064.csv,10.81585302734375
write,23170.5594,11690.8032,0.0054,131072.0,2048.0,0.0062,0.3504,0.004,0.3536,8,1,1,8,2M,ior_rw_n-1_ppn-8_tx-2m_1782526064.csv,22.6274994140625
read,11119.9191,5583.1419,0.0113,131072.0,2048.0,0.0062,0.7336,0.0134,0.7367,8,1,1,8,2M,ior_rw_n-1_ppn-8_tx-2m_1782526064.csv,10.85929599609375
write,23304.6285,11759.3659,0.0054,131072.0,2048.0,0.0063,0.3483,0.0058,0.3515,8,2,1,8,2M,ior_rw_n-1_ppn-8_tx-2m_1782526064.csv,22.75842626953125
read,10929.1219,5487.6961,0.0115,131072.0,2048.0,0.0063,0.7464,0.0166,0.7496,8,2,1,8,2M,ior_rw_n-1_ppn-8_tx-2m_1782526064.csv,10.67297060546875
write,23360.1304,11790.6473,0.0053,131072.0,2048.0,0.0064,0.3474,0.0052,0.3507,8,3,1,8,2M,ior_rw_n-1_ppn-8_tx-2m_1782526064.csv,22.81262734375
read,11098.3469,5573.1605,0.0114,131072.0,2048.0,0.0064,0.735,0.0099,0.7381,8,3,1,8,2M,ior_rw_n-1_ppn-8_tx-2m_1782526064.csv,10.83822939453125
write,23413.2805,11817.8261,0.0053,131072.0,2048.0,0.0065,0.3466,0.0048,0.3499,8,4,1,8,2M,ior_rw_n-1_ppn-8_tx-2m_1782526064.csv,22.86453173828125
read,11131.4038,5590.2217,0.0114,131072.0,2048.0,0.0064,0.7327,0.0134,0.7359,8,4,1,8,2M,ior_rw_n-1_ppn-8_tx-2m_1782526064.csv,10.8705115234375
write,23321.0947,11769.4763,0.0053,131072.0,2048.0,0.0063,0.348,0.007,0.3513,8,5,1,8,2M,ior_rw_n-1_ppn-8_tx-2m_1782526064.csv,22.77450654296875
read,11136.2888,5592.3889,0.0112,131072.0,2048.0,0.0064,0.7324,0.013,0.7356,8,5,1,8,2M,ior_rw_n-1_ppn-8_tx-2m_1782526064.csv,10.87528203125
write,23312.9299,11768.1541,0.0053,131072.0,2048.0,0.0066,0.3481,0.0074,0.3514,8,6,1,8,2M,ior_rw_n-1_ppn-8_tx-2m_1782526064.csv,22.76653310546875
read,11119.768,5584.6809,0.0113,131072.0,2048.0,0.0065,0.7334,0.0103,0.7367,8,6,1,8,2M,ior_rw_n-1_ppn-8_tx-2m_1782526064.csv,10.8591484375
write,23414.7484,11816.1516,0.0053,131072.0,2048.0,0.0063,0.3466,0.0046,0.3499,8,7,1,8,2M,ior_rw_n-1_ppn-8_tx-2m_1782526064.csv,22.865965234375
read,11144.423,5596.0942,0.0113,131072.0,2048.0,0.0062,0.7319,0.0066,0.7351,8,7,1,8,2M,ior_rw_n-1_ppn-8_tx-2m_1782526064.csv,10.8832255859375
write,23474.4006,11845.0977,0.0053,131072.0,2048.0,0.0062,0.3458,0.0054,0.349,8,8,1,8,2M,ior_rw_n-1_ppn-8_tx-2m_1782526064.csv,22.9242193359375
read,11112.1512,5579.6278,0.0113,131072.0,2048.0,0.0062,0.7341,0.0112,0.7372,8,8,1,8,2M,ior_rw_n-1_ppn-8_tx-2m_1782526064.csv,10.85171015625
write,23441.4736,11834.2213,0.0053,131072.0,2048.0,0.0066,0.3461,0.0048,0.3495,8,9,1,8,2M,ior_rw_n-1_ppn-8_tx-2m_1782526064.csv,22.8920640625
read,11119.4837,5584.7336,0.0112,131072.0,2048.0,0.0065,0.7334,0.015,0.7367,8,9,1,8,2M,ior_rw_n-1_ppn-8_tx-2m_1782526064.csv,10.85887080078125
write,2638338.2311,166400.4531,0.0469,131072.0,16384.0,0.0078,0.3938,0.0478,0.3974,512,0,32,16,16M,ior_rw_n-32_ppn-16_tx-16M_1782526619.csv,2576.5021788085937
read,2546397.7428,160450.1528,0.0491,131072.0,16384.0,0.0067,0.4085,0.0351,0.4118,512,0,32,16,16M,ior_rw_n-32_ppn-16_tx-16M_1782526619.csv,2486.716545703125
write,2677350.6995,168745.8682,0.0456,131072.0,16384.0,0.0078,0.3884,0.0491,0.3916,512,1,32,16,16M,ior_rw_n-32_ppn-16_tx-16M_1782526619.csv,2614.600292480469
read,2509605.7947,158059.3802,0.0505,131072.0,16384.0,0.0065,0.4146,0.0391,0.4178,512,1,32,16,16M,ior_rw_n-32_ppn-16_tx-16M_1782526619.csv,2450.7869088867187
write,2766879.6503,174541.5025,0.0451,131072.0,16384.0,0.0084,0.3755,0.0359,0.379,512,2,32,16,16M,ior_rw_n-32_ppn-16_tx-16M_1782526619.csv,2702.0309084960936
read,2497793.0211,157400.7531,0.0499,131072.0,16384.0,0.007,0.4164,0.0405,0.4198,512,2,32,16,16M,ior_rw_n-32_ppn-16_tx-16M_1782526619.csv,2439.2509971679688
write,2776383.26,175040.4408,0.0446,131072.0,16384.0,0.0065,0.3744,0.0353,0.3777,512,3,32,16,16M,ior_rw_n-32_ppn-16_tx-16M_1782526619.csv,2711.31177734375
read,2498881.5442,157370.1145,0.0497,131072.0,16384.0,0.0064,0.4164,0.0362,0.4196,512,3,32,16,16M,ior_rw_n-32_ppn-16_tx-16M_1782526619.csv,2440.3140080078124
write,2757973.4635,173805.0539,0.0463,131072.0,16384.0,0.0062,0.3771,0.0397,0.3802,512,4,32,16,16M,ior_rw_n-32_ppn-16_tx-16M_1782526619.csv,2693.333460449219
read,2501223.591,157477.943,0.0501,131072.0,16384.0,0.0061,0.4162,0.0346,0.4192,512,4,32,16,16M,ior_rw_n-32_ppn-16_tx-16M_1782526619.csv,2442.6011630859375
write,2765042.705,174319.6813,0.0453,131072.0,16384.0,0.0065,0.376,0.0349,0.3792,512,5,32,16,16M,ior_rw_n-32_ppn-16_tx-16M_1782526619.csv,2700.2370166015626
read,2493339.5493,157030.3774,0.0498,131072.0,16384.0,0.0066,0.4173,0.039,0.4206,512,5,32,16,16M,ior_rw_n-32_ppn-16_tx-16M_1782526619.csv,2434.9019036132813
write,2783538.5065,175528.0037,0.0453,131072.0,16384.0,0.0067,0.3734,0.0345,0.3767,512,6,32,16,16M,ior_rw_n-32_ppn-16_tx-16M_1782526619.csv,2718.2993227539064
read,2499703.8872,157472.6202,0.05,131072.0,16384.0,0.0075,0.4162,0.0331,0.4195,512,6,32,16,16M,ior_rw_n-32_ppn-16_tx-16M_1782526619.csv,2441.11707734375
write,2770426.4894,174772.445,0.0445,131072.0,16384.0,0.007,0.375,0.0351,0.3785,512,7,32,16,16M,ior_rw_n-32_ppn-16_tx-16M_1782526619.csv,2705.4946185546873
read,2480468.3575,156293.0534,0.0493,131072.0,16384.0,0.0069,0.4193,0.038,0.4227,512,7,32,16,16M,ior_rw_n-32_ppn-16_tx-16M_1782526619.csv,2422.3323803710937
write,2708540.3174,170714.6538,0.0457,131072.0,16384.0,0.0065,0.3839,0.0423,0.3871,512,8,32,16,16M,ior_rw_n-32_ppn-16_tx-16M_1782526619.csv,2645.0589037109376
read,2511163.3741,158181.8086,0.0496,131072.0,16384.0,0.0065,0.4143,0.0356,0.4176,512,8,32,16,16M,ior_rw_n-32_ppn-16_tx-16M_1782526619.csv,2452.3079825195314
write,2646442.7811,166810.9405,0.0453,131072.0,16384.0,0.0075,0.3929,0.0453,0.3962,512,9,32,16,16M,ior_rw_n-32_ppn-16_tx-16M_1782526619.csv,2584.4167784179685
read,2512714.2747,158271.6128,0.0496,131072.0,16384.0,0.0065,0.4141,0.0369,0.4173,512,9,32,16,16M,ior_rw_n-32_ppn-16_tx-16M_1782526619.csv,2453.8225338867187
write,1385821.2609,696200.7771,0.0112,131072.0,2048.0,0.007,0.7531,0.0585,0.7566,512,0,32,16,2M,ior_rw_n-32_ppn-16_tx-2M_1782526590.csv,1353.3410750976564
read,764707.9554,383288.6613,0.0212,131072.0,2048.0,0.0067,1.3679,0.0309,1.3712,512,0,32,16,2M,ior_rw_n-32_ppn-16_tx-2M_1782526590.csv,746.7851126953125
write,1397996.8967,702057.3208,0.0111,131072.0,2048.0,0.0065,0.7468,0.051,0.7501,512,1,32,16,2M,ior_rw_n-32_ppn-16_tx-2M_1782526590.csv,1365.2313444335937
read,762901.9371,382341.4131,0.021,131072.0,2048.0,0.0065,1.3713,0.0454,1.3745,512,1,32,16,2M,ior_rw_n-32_ppn-16_tx-2M_1782526590.csv,745.0214229492187
write,1402073.9225,704112.6131,0.0113,131072.0,2048.0,0.0065,0.7446,0.044,0.7479,512,2,32,16,2M,ior_rw_n-32_ppn-16_tx-2M_1782526590.csv,1369.2128149414064
read,779453.2952,390662.6495,0.0206,131072.0,2048.0,0.0065,1.342,0.0297,1.3453,512,2,32,16,2M,ior_rw_n-32_ppn-16_tx-2M_1782526590.csv,761.18485859375
write,1429426.9388,717856.4347,0.0113,131072.0,2048.0,0.0064,0.7304,0.0346,0.7336,512,3,32,16,2M,ior_rw_n-32_ppn-16_tx-2M_1782526590.csv,1395.924744921875
read,766676.6108,384219.2657,0.0213,131072.0,2048.0,0.0063,1.3646,0.0349,1.3677,512,3,32,16,2M,ior_rw_n-32_ppn-16_tx-2M_1782526590.csv,748.707627734375
write,1441652.5369,724126.5807,0.0109,131072.0,2048.0,0.0066,0.724,0.0322,0.7273,512,4,32,16,2M,ior_rw_n-32_ppn-16_tx-2M_1782526590.csv,1407.8638055664062
read,765019.2159,383415.7036,0.021,131072.0,2048.0,0.0065,1.3674,0.0358,1.3707,512,4,32,16,2M,ior_rw_n-32_ppn-16_tx-2M_1782526590.csv,747.0890780273437
write,1449366.6292,728005.8662,0.0112,131072.0,2048.0,0.0066,0.7202,0.0255,0.7235,512,5,32,16,2M,ior_rw_n-32_ppn-16_tx-2M_1782526590.csv,1415.397098828125
read,764518.3969,383163.2388,0.0212,131072.0,2048.0,0.0066,1.3683,0.0415,1.3716,512,5,32,16,2M,ior_rw_n-32_ppn-16_tx-2M_1782526590.csv,746.5999969726563
write,1449711.0864,728012.8556,0.011,131072.0,2048.0,0.0062,0.7202,0.0257,0.7233,512,6,32,16,2M,ior_rw_n-32_ppn-16_tx-2M_1782526590.csv,1415.7334828125
read,767051.8124,384370.842,0.021,131072.0,2048.0,0.006,1.364,0.0325,1.367,512,6,32,16,2M,ior_rw_n-32_ppn-16_tx-2M_1782526590.csv,749.074035546875
write,1449739.2808,728269.6296,0.0111,131072.0,2048.0,0.0067,0.7199,0.0268,0.7233,512,7,32,16,2M,ior_rw_n-32_ppn-16_tx-2M_1782526590.csv,1415.76101640625
read,763305.1128,382576.3549,0.0211,131072.0,2048.0,0.0066,1.3704,0.0291,1.3737,512,7,32,16,2M,ior_rw_n-32_ppn-16_tx-2M_1782526590.csv,745.41514921875
write,1453839.5971,730363.8348,0.0111,131072.0,2048.0,0.0068,0.7178,0.0264,0.7212,512,8,32,16,2M,ior_rw_n-32_ppn-16_tx-2M_1782526590.csv,1419.7652315429686
read,767404.3496,384642.9314,0.0211,131072.0,2048.0,0.0067,1.3631,0.0314,1.3664,512,8,32,16,2M,ior_rw_n-32_ppn-16_tx-2M_1782526590.csv,749.41831015625
write,1454145.7963,730374.9935,0.0111,131072.0,2048.0,0.0065,0.7178,0.0244,0.7211,512,9,32,16,2M,ior_rw_n-32_ppn-16_tx-2M_1782526590.csv,1420.0642541992188
read,767421.2217,384608.8235,0.021,131072.0,2048.0,0.0064,1.3632,0.0302,1.3664,512,9,32,16,2M,ior_rw_n-32_ppn-16_tx-2M_1782526590.csv,749.4347868164062
write,3223479.1923,202045.8748,0.1601,131072.0,16384.0,0.0072,1.2974,0.0736,1.3012,1024,0,32,32,16M,ior_rw_n-32_ppn-32_tx-16M_1782526688.csv,3147.928898730469
read,3034398.9859,190105.5931,0.1698,131072.0,16384.0,0.0077,1.3789,0.0717,1.3823,1024,0,32,32,16M,ior_rw_n-32_ppn-32_tx-16M_1782526688.csv,2963.280259667969
write,3271057.5907,204972.9563,0.156,131072.0,16384.0,0.0067,1.2789,0.0667,1.2822,1024,1,32,32,16M,ior_rw_n-32_ppn-32_tx-16M_1782526688.csv,3194.392178417969
read,3034480.6369,190102.4049,0.1673,131072.0,16384.0,0.0066,1.379,0.0692,1.3822,1024,1,32,32,16M,ior_rw_n-32_ppn-32_tx-16M_1782526688.csv,2963.359996972656
write,3228848.8583,202305.5091,0.16,131072.0,16384.0,0.0065,1.2958,0.0885,1.299,1024,2,32,32,16M,ior_rw_n-32_ppn-32_tx-16M_1782526688.csv,3153.1727131835937
read,3039564.2032,190409.5273,0.1664,131072.0,16384.0,0.0064,1.3767,0.0578,1.3799,1024,2,32,32,16M,ior_rw_n-32_ppn-32_tx-16M_1782526688.csv,2968.3244171875
write,3126452.0324,195890.0454,0.1568,131072.0,16384.0,0.0067,1.3382,0.1405,1.3416,1024,3,32,32,16M,ior_rw_n-32_ppn-32_tx-16M_1782526688.csv,3053.175812890625
read,3031708.0086,189925.4432,0.1688,131072.0,16384.0,0.0066,1.3802,0.0741,1.3835,1024,3,32,32,16M,ior_rw_n-32_ppn-32_tx-16M_1782526688.csv,2960.6523521484373
write,3152535.638,197543.6622,0.1625,131072.0,16384.0,0.0068,1.327,0.1129,1.3305,1024,4,32,32,16M,ior_rw_n-32_ppn-32_tx-16M_1782526688.csv,3078.648083984375
read,3030196.2346,189851.4267,0.167,131072.0,16384.0,0.0068,1.3808,0.0773,1.3842,1024,4,32,32,16M,ior_rw_n-32_ppn-32_tx-16M_1782526688.csv,2959.1760103515626
write,3244632.4134,203329.5444,0.1533,131072.0,16384.0,0.0068,1.2893,0.0712,1.2927,1024,5,32,32,16M,ior_rw_n-32_ppn-32_tx-16M_1782526688.csv,3168.5863412109375
read,3045591.9962,190818.5287,0.1684,131072.0,16384.0,0.0068,1.3738,0.0653,1.3772,1024,5,32,32,16M,ior_rw_n-32_ppn-32_tx-16M_1782526688.csv,2974.2109337890624
write,3231005.0601,202437.5148,0.158,131072.0,16384.0,0.0064,1.2949,0.0786,1.2981,1024,6,32,32,16M,ior_rw_n-32_ppn-32_tx-16M_1782526688.csv,3155.278379003906
read,3042289.6696,190578.0769,0.1671,131072.0,16384.0,0.0063,1.3755,0.0789,1.3787,1024,6,32,32,16M,ior_rw_n-32_ppn-32_tx-16M_1782526688.csv,2970.98600546875
write,2819603.5454,176615.3512,0.1782,131072.0,16384.0,0.0065,1.4843,0.2972,1.4876,1024,7,32,32,16M,ior_rw_n-32_ppn-32_tx-16M_1782526688.csv,2753.5190873046877
read,3044080.0423,190696.6394,0.1672,131072.0,16384.0,0.0064,1.3747,0.0643,1.3779,1024,7,32,32,16M,ior_rw_n-32_ppn-32_tx-16M_1782526688.csv,2972.7344163085936
write,3010928.3708,188622.7831,0.1589,131072.0,16384.0,0.0065,1.3898,0.1948,1.393,1024,8,32,32,16M,ior_rw_n-32_ppn-32_tx-16M_1782526688.csv,2940.359737109375
read,3036114.5815,190191.7825,0.1708,131072.0,16384.0,0.0063,1.3783,0.0749,1.3815,1024,8,32,32,16M,ior_rw_n-32_ppn-32_tx-16M_1782526688.csv,2964.9556459960936
write,3201941.902,200630.8131,0.1579,131072.0,16384.0,0.0066,1.3066,0.0778,1.3099,1024,9,32,32,16M,ior_rw_n-32_ppn-32_tx-16M_1782526688.csv,3126.896388671875
read,3042201.2847,190581.149,0.1684,131072.0,16384.0,0.0064,1.3755,0.0696,1.3787,1024,9,32,32,16M,ior_rw_n-32_ppn-32_tx-16M_1782526688.csv,2970.899692089844
write,2393119.9406,1199115.2355,0.0263,131072.0,2048.0,0.0072,1.7489,0.099,1.7527,1024,0,32,32,2M,ior_rw_n-32_ppn-32_tx-2M_1782526635.csv,2337.0311919921874
read,1462268.6839,731990.4681,0.0444,131072.0,2048.0,0.0068,2.865,0.0723,2.8684,1024,0,32,32,2M,ior_rw_n-32_ppn-32_tx-2M_1782526635.csv,1427.9967616210938
write,2432864.0676,1218726.0377,0.0265,131072.0,2048.0,0.0064,1.7208,0.0696,1.724,1024,1,32,32,2M,ior_rw_n-32_ppn-32_tx-2M_1782526635.csv,2375.843816015625
read,1457312.9167,729462.4428,0.0447,131072.0,2048.0,0.0065,2.8749,0.0706,2.8781,1024,1,32,32,2M,ior_rw_n-32_ppn-32_tx-2M_1782526635.csv,1423.1571452148437
write,2423297.6341,1214006.0565,0.0265,131072.0,2048.0,0.0081,1.7275,0.0619,1.7308,1024,2,32,32,2M,ior_rw_n-32_ppn-32_tx-2M_1782526635.csv,2366.501595800781
read,1461800.2808,731739.7079,0.0441,131072.0,2048.0,0.0067,2.866,0.0825,2.8693,1024,2,32,32,2M,ior_rw_n-32_ppn-32_tx-2M_1782526635.csv,1427.53933671875
write,2451776.9403,1228338.3746,0.0263,131072.0,2048.0,0.0067,1.7073,0.0597,1.7107,1024,3,32,32,2M,ior_rw_n-32_ppn-32_tx-2M_1782526635.csv,2394.3134182617187
read,1471165.3179,736443.3213,0.044,131072.0,2048.0,0.0068,2.8477,0.0713,2.851,1024,3,32,32,2M,ior_rw_n-32_ppn-32_tx-2M_1782526635.csv,1436.6848807617187
write,2437823.2825,1221236.2098,0.0263,131072.0,2048.0,0.0065,1.7172,0.0596,1.7205,1024,4,32,32,2M,ior_rw_n-32_ppn-32_tx-2M_1782526635.csv,2380.6867993164065
read,1518654.7344,760219.9517,0.0425,131072.0,2048.0,0.0065,2.7586,0.0746,2.7619,1024,4,32,32,2M,ior_rw_n-32_ppn-32_tx-2M_1782526635.csv,1483.0612640625
write,2511998.8435,1258558.3167,0.0256,131072.0,2048.0,0.0067,1.6663,0.0611,1.6697,1024,5,32,32,2M,ior_rw_n-32_ppn-32_tx-2M_1782526635.csv,2453.1238706054687
read,1726925.7831,864652.2876,0.0373,131072.0,2048.0,0.0068,2.4254,0.0635,2.4288,1024,5,32,32,2M,ior_rw_n-32_ppn-32_tx-2M_1782526635.csv,1686.4509600585936
write,2510401.5379,1257622.4356,0.0253,131072.0,2048.0,0.0064,1.6676,0.0642,1.6708,1024,6,32,32,2M,ior_rw_n-32_ppn-32_tx-2M_1782526635.csv,2451.5640018554686
read,1728351.9667,865306.6486,0.0377,131072.0,2048.0,0.0064,2.4236,0.0578,2.4268,1024,6,32,32,2M,ior_rw_n-32_ppn-32_tx-2M_1782526635.csv,1687.8437174804687
write,2528352.5532,1266691.4677,0.0254,131072.0,2048.0,0.0065,1.6556,0.0542,1.6589,1024,7,32,32,2M,ior_rw_n-32_ppn-32_tx-2M_1782526635.csv,2469.094290234375
read,1730329.2011,866316.4559,0.0374,131072.0,2048.0,0.0065,2.4208,0.0623,2.424,1024,7,32,32,2M,ior_rw_n-32_ppn-32_tx-2M_1782526635.csv,1689.7746104492187
write,2502167.7607,1253568.0954,0.0257,131072.0,2048.0,0.0066,1.6729,0.0647,1.6763,1024,8,32,32,2M,ior_rw_n-32_ppn-32_tx-2M_1782526635.csv,2443.5232038085937
read,1736015.0276,869188.1706,0.0372,131072.0,2048.0,0.0065,2.4128,0.0571,2.4161,1024,8,32,32,2M,ior_rw_n-32_ppn-32_tx-2M_1782526635.csv,1695.327175390625
write,2492485.0139,1248625.7982,0.0259,131072.0,2048.0,0.0064,1.6796,0.0602,1.6828,1024,9,32,32,2M,ior_rw_n-32_ppn-32_tx-2M_1782526635.csv,2434.067396386719
read,1733232.7656,867752.848,0.0371,131072.0,2048.0,0.0063,2.4168,0.0534,2.4199,1024,9,32,32,2M,ior_rw_n-32_ppn-32_tx-2M_1782526635.csv,1692.61012265625
write,3340448.3236,209051.0699,0.3477,131072.0,16384.0,0.0075,2.8214,0.1313,2.8251,1536,0,32,48,16M,ior_rw_n-32_ppn-48_tx-16M_1782526797.csv,3262.156566015625
read,3222217.9928,201649.2341,0.362,131072.0,16384.0,0.0078,2.925,0.1162,2.9288,1536,0,32,48,16M,ior_rw_n-32_ppn-48_tx-16M_1782526797.csv,3146.69725859375
write,3098562.6851,193891.5881,0.3743,131072.0,16384.0,0.0072,3.042,0.3432,3.0457,1536,1,32,48,16M,ior_rw_n-32_ppn-48_tx-16M_1782526797.csv,3025.9401221679686
read,3224702.104,201774.361,0.3627,131072.0,16384.0,0.0071,2.9232,0.132,2.9265,1536,1,32,48,16M,ior_rw_n-32_ppn-48_tx-16M_1782526797.csv,3149.1231484375
write,3370126.7671,210899.8993,0.3467,131072.0,16384.0,0.0071,2.7967,0.1322,2.8002,1536,2,32,48,16M,ior_rw_n-32_ppn-48_tx-16M_1782526797.csv,3291.1394209960936
read,3237613.784,202593.9749,0.3612,131072.0,16384.0,0.0069,2.9114,0.1268,2.9149,1536,2,32,48,16M,ior_rw_n-32_ppn-48_tx-16M_1782526797.csv,3161.7322109375
write,3315403.6571,207472.805,0.3458,131072.0,16384.0,0.0072,2.8429,0.1978,2.8465,1536,3,32,48,16M,ior_rw_n-32_ppn-48_tx-16M_1782526797.csv,3237.6988838867187
read,3236297.908,202509.9601,0.3597,131072.0,16384.0,0.0069,2.9126,0.1143,2.916,1536,3,32,48,16M,ior_rw_n-32_ppn-48_tx-16M_1782526797.csv,3160.44717578125
write,3283967.4773,205513.8702,0.3492,131072.0,16384.0,0.0076,2.87,0.2224,2.8737,1536,4,32,48,16M,ior_rw_n-32_ppn-48_tx-16M_1782526797.csv,3206.999489550781
read,3239218.3175,202705.3779,0.3622,131072.0,16384.0,0.0073,2.9098,0.1302,2.9134,1536,4,32,48,16M,ior_rw_n-32_ppn-48_tx-16M_1782526797.csv,3163.2991381835936
write,3275640.07,205009.7096,0.3515,131072.0,16384.0,0.008,2.8771,0.2109,2.881,1536,5,32,48,16M,ior_rw_n-32_ppn-48_tx-16M_1782526797.csv,3198.867255859375
read,3239144.8918,202710.1947,0.361,131072.0,16384.0,0.0076,2.9097,0.1149,2.9135,1536,5,32,48,16M,ior_rw_n-32_ppn-48_tx-16M_1782526797.csv,3163.2274333984374
write,3403977.629,213030.9874,0.3425,131072.0,16384.0,0.0075,2.7687,0.1211,2.7724,1536,6,32,48,16M,ior_rw_n-32_ppn-48_tx-16M_1782526797.csv,3324.1969033203127
read,3233675.4382,202354.3207,0.3621,131072.0,16384.0,0.0072,2.9148,0.1105,2.9184,1536,6,32,48,16M,ior_rw_n-32_ppn-48_tx-16M_1782526797.csv,3157.8861701171877
write,3404287.0755,213052.9846,0.3407,131072.0,16384.0,0.0074,2.7684,0.1132,2.7721,1536,7,32,48,16M,ior_rw_n-32_ppn-48_tx-16M_1782526797.csv,3324.4990971679686
read,3246526.0767,203157.2391,0.3606,131072.0,16384.0,0.0071,2.9033,0.1153,2.9069,1536,7,32,48,16M,ior_rw_n-32_ppn-48_tx-16M_1782526797.csv,3170.435621777344
write,2689690.1263,1346299.647,0.0533,131072.0,2048.0,0.0073,3.5049,0.3015,3.5087,1536,0,32,48,2M,ior_rw_n-32_ppn-48_tx-2M_1782526725.csv,2626.650513964844
read,2239207.3238,1120560.0408,0.0651,131072.0,2048.0,0.0072,4.2109,0.1205,4.2145,1536,0,32,48,2M,ior_rw_n-32_ppn-48_tx-2M_1782526725.csv,2186.7259021484374
write,3083625.9418,1543544.7855,0.0469,131072.0,2048.0,0.0069,3.057,0.1363,3.0604,1536,1,32,48,2M,ior_rw_n-32_ppn-48_tx-2M_1782526725.csv,3011.3534587890626
read,2225038.2795,1113421.416,0.0651,131072.0,2048.0,0.0071,4.2379,0.115,4.2414,1536,1,32,48,2M,ior_rw_n-32_ppn-48_tx-2M_1782526725.csv,2172.888944824219
write,2834305.0104,1418583.9412,0.0485,131072.0,2048.0,0.0069,3.3263,0.3418,3.3296,1536,2,32,48,2M,ior_rw_n-32_ppn-48_tx-2M_1782526725.csv,2767.87598671875
read,2230940.453,1116347.7016,0.0652,131072.0,2048.0,0.0076,4.2268,0.14,4.2301,1536,2,32,48,2M,ior_rw_n-32_ppn-48_tx-2M_1782526725.csv,2178.6527861328127
write,2891683.8778,1447310.3574,0.0489,131072.0,2048.0,0.0067,3.2602,0.2329,3.2636,1536,3,32,48,2M,ior_rw_n-32_ppn-48_tx-2M_1782526725.csv,2823.9100369140624
read,2266516.0749,1134148.2637,0.0645,131072.0,2048.0,0.0065,4.1605,0.1086,4.1637,1536,3,32,48,2M,ior_rw_n-32_ppn-48_tx-2M_1782526725.csv,2213.394604394531
write,2518927.9441,1260724.5366,0.0545,131072.0,2048.0,0.0074,3.7428,0.6017,3.7465,1536,4,32,48,2M,ior_rw_n-32_ppn-48_tx-2M_1782526725.csv,2459.890570410156
read,2213098.6861,1107402.9195,0.0659,131072.0,2048.0,0.0066,4.261,0.1193,4.2642,1536,4,32,48,2M,ior_rw_n-32_ppn-48_tx-2M_1782526725.csv,2161.2291856445313
write,2968458.6122,1485803.4338,0.0485,131072.0,2048.0,0.0068,3.1758,0.1575,3.1792,1536,5,32,48,2M,ior_rw_n-32_ppn-48_tx-2M_1782526725.csv,2898.8853634765624
read,2256176.3385,1128999.6562,0.0647,131072.0,2048.0,0.0068,4.1794,0.1108,4.1828,1536,5,32,48,2M,ior_rw_n-32_ppn-48_tx-2M_1782526725.csv,2203.2972055664063
write,3111212.1691,1557421.1264,0.0463,131072.0,2048.0,0.0072,3.0297,0.1176,3.0333,1536,6,32,48,2M,ior_rw_n-32_ppn-48_tx-2M_1782526725.csv,3038.293133886719
read,2241249.3902,1121559.6207,0.0652,131072.0,2048.0,0.0073,4.2072,0.1072,4.2107,1536,6,32,48,2M,ior_rw_n-32_ppn-48_tx-2M_1782526725.csv,2188.7201076171873
write,3100891.3068,1552114.2716,0.0464,131072.0,2048.0,0.0066,3.0401,0.1291,3.0434,1536,7,32,48,2M,ior_rw_n-32_ppn-48_tx-2M_1782526725.csv,3028.214166796875
read,2253374.3956,1127579.461,0.0648,131072.0,2048.0,0.0067,4.1847,0.1084,4.188,1536,7,32,48,2M,ior_rw_n-32_ppn-48_tx-2M_1782526725.csv,2200.560933203125
write,2024778.8839,130043.14,0.0144,131072.0,16384.0,0.0081,0.126,0.0113,0.1295,256,0,32,8,16M,ior_rw_n-32_ppn-8_tx-16M_1782526580.csv,1977.3231288085938
read,1752089.7019,111933.3684,0.0167,131072.0,16384.0,0.0065,0.1464,0.0127,0.1496,256,0,32,8,16M,ior_rw_n-32_ppn-8_tx-16M_1782526580.csv,1711.0250995117187
write,2014167.0335,129237.7823,0.0151,131072.0,16384.0,0.0066,0.1268,0.012,0.1302,256,1,32,8,16M,ior_rw_n-32_ppn-8_tx-16M_1782526580.csv,1966.9599936523437
read,1752031.0722,111897.2803,0.0173,131072.0,16384.0,0.0065,0.1464,0.0133,0.1496,256,1,32,8,16M,ior_rw_n-32_ppn-8_tx-16M_1782526580.csv,1710.9678439453126
write,2002013.1496,128436.3369,0.0147,131072.0,16384.0,0.0067,0.1276,0.0131,0.1309,256,2,32,8,16M,ior_rw_n-32_ppn-8_tx-16M_1782526580.csv,1955.09096640625
read,1758293.039,112391.5888,0.0166,131072.0,16384.0,0.008,0.1458,0.0131,0.1491,256,2,32,8,16M,ior_rw_n-32_ppn-8_tx-16M_1782526580.csv,1717.0830458984376
write,2027799.8886,130047.3237,0.0141,131072.0,16384.0,0.0065,0.126,0.0134,0.1293,256,3,32,8,16M,ior_rw_n-32_ppn-8_tx-16M_1782526580.csv,1980.2733287109374
read,1757750.5312,112276.0861,0.0168,131072.0,16384.0,0.0065,0.1459,0.0117,0.1491,256,3,32,8,16M,ior_rw_n-32_ppn-8_tx-16M_1782526580.csv,1716.553253125
write,2010432.6138,129081.2037,0.0143,131072.0,16384.0,0.0068,0.1269,0.0129,0.1304,256,4,32,8,16M,ior_rw_n-32_ppn-8_tx-16M_1782526580.csv,1963.3130994140624
read,1758295.8508,112375.4151,0.0171,131072.0,16384.0,0.0066,0.1458,0.0125,0.1491,256,4,32,8,16M,ior_rw_n-32_ppn-8_tx-16M_1782526580.csv,1717.085791796875
write,2033511.6734,130341.0986,0.0138,131072.0,16384.0,0.0064,0.1257,0.015,0.1289,256,5,32,8,16M,ior_rw_n-32_ppn-8_tx-16M_1782526580.csv,1985.8512435546875
read,1774805.6576,113351.9012,0.0167,131072.0,16384.0,0.0064,0.1445,0.011,0.1477,256,5,32,8,16M,ior_rw_n-32_ppn-8_tx-16M_1782526580.csv,1733.20865
write,2031711.7897,130292.1675,0.0147,131072.0,16384.0,0.0065,0.1257,0.0127,0.129,256,6,32,8,16M,ior_rw_n-32_ppn-8_tx-16M_1782526580.csv,1984.0935446289063
read,1770572.9346,113070.4602,0.0175,131072.0,16384.0,0.0063,0.1449,0.0111,0.1481,256,6,32,8,16M,ior_rw_n-32_ppn-8_tx-16M_1782526580.csv,1729.0751314453125
write,2027519.4411,130120.4584,0.0147,131072.0,16384.0,0.0067,0.1259,0.0115,0.1293,256,7,32,8,16M,ior_rw_n-32_ppn-8_tx-16M_1782526580.csv,1979.9994541992187
read,1757267.3348,112287.6441,0.0167,131072.0,16384.0,0.0065,0.1459,0.0121,0.1492,256,7,32,8,16M,ior_rw_n-32_ppn-8_tx-16M_1782526580.csv,1716.081381640625
write,2034237.7892,130567.6978,0.0146,131072.0,16384.0,0.007,0.1255,0.0114,0.1289,256,8,32,8,16M,ior_rw_n-32_ppn-8_tx-16M_1782526580.csv,1986.560341015625
read,1747756.1207,111723.1818,0.0167,131072.0,16384.0,0.0067,0.1466,0.0133,0.15,256,8,32,8,16M,ior_rw_n-32_ppn-8_tx-16M_1782526580.csv,1706.7930866210938
write,2040523.5484,130899.228,0.0143,131072.0,16384.0,0.0066,0.1252,0.0117,0.1285,256,9,32,8,16M,ior_rw_n-32_ppn-8_tx-16M_1782526580.csv,1992.698777734375
read,1757728.0511,112290.0293,0.0168,131072.0,16384.0,0.0065,0.1459,0.0123,0.1491,256,9,32,8,16M,ior_rw_n-32_ppn-8_tx-16M_1782526580.csv,1716.5312999023438
write,723700.4812,365439.9584,0.0051,131072.0,2048.0,0.0069,0.3587,0.0351,0.3622,256,0,32,8,2M,ior_rw_n-32_ppn-8_tx-2M_1782526563.csv,706.738751171875
read,384226.0462,193048.5062,0.0103,131072.0,2048.0,0.0066,0.679,0.0226,0.6823,256,0,32,8,2M,ior_rw_n-32_ppn-8_tx-2M_1782526563.csv,375.2207482421875
write,731614.2705,369315.5987,0.0051,131072.0,2048.0,0.0067,0.3549,0.0324,0.3583,256,1,32,8,2M,ior_rw_n-32_ppn-8_tx-2M_1782526563.csv,714.4670610351562
read,387342.9253,194612.0946,0.0103,131072.0,2048.0,0.0074,0.6735,0.0173,0.6768,256,1,32,8,2M,ior_rw_n-32_ppn-8_tx-2M_1782526563.csv,378.26457548828125
write,755403.4497,381280.53,0.0051,131072.0,2048.0,0.0065,0.3438,0.0217,0.347,256,2,32,8,2M,ior_rw_n-32_ppn-8_tx-2M_1782526563.csv,737.6986813476562
read,386750.9318,194296.1179,0.0104,131072.0,2048.0,0.0064,0.6746,0.0181,0.6778,256,2,32,8,2M,ior_rw_n-32_ppn-8_tx-2M_1782526563.csv,377.6864568359375
write,742287.3332,374599.4699,0.0051,131072.0,2048.0,0.0065,0.3499,0.0266,0.3532,256,3,32,8,2M,ior_rw_n-32_ppn-8_tx-2M_1782526563.csv,724.889973828125
read,384764.6794,193289.0518,0.0103,131072.0,2048.0,0.0065,0.6781,0.0216,0.6813,256,3,32,8,2M,ior_rw_n-32_ppn-8_tx-2M_1782526563.csv,375.7467572265625
write,700292.8701,353466.1588,0.0054,131072.0,2048.0,0.0068,0.3708,0.0303,0.3743,256,4,32,8,2M,ior_rw_n-32_ppn-8_tx-2M_1782526563.csv,683.8797559570312
read,387457.4454,194682.3211,0.0103,131072.0,2048.0,0.0066,0.6733,0.0165,0.6766,256,4,32,8,2M,ior_rw_n-32_ppn-8_tx-2M_1782526563.csv,378.3764115234375
write,763140.0837,385255.5476,0.005,131072.0,2048.0,0.0079,0.3402,0.0188,0.3435,256,5,32,8,2M,ior_rw_n-32_ppn-8_tx-2M_1782526563.csv,745.2539879882812
read,388359.7257,195129.1917,0.0103,131072.0,2048.0,0.0065,0.6717,0.0161,0.675,256,5,32,8,2M,ior_rw_n-32_ppn-8_tx-2M_1782526563.csv,379.25754462890626
write,765415.4417,386360.4868,0.005,131072.0,2048.0,0.0064,0.3392,0.0173,0.3425,256,6,32,8,2M,ior_rw_n-32_ppn-8_tx-2M_1782526563.csv,747.4760172851562
read,388531.2676,195184.6837,0.0103,131072.0,2048.0,0.0074,0.6715,0.0149,0.6747,256,6,32,8,2M,ior_rw_n-32_ppn-8_tx-2M_1782526563.csv,379.425066015625
write,765804.0773,386750.5237,0.0051,131072.0,2048.0,0.0068,0.3389,0.016,0.3423,256,7,32,8,2M,ior_rw_n-32_ppn-8_tx-2M_1782526563.csv,747.8555442382813
read,387668.919,194802.0778,0.0104,131072.0,2048.0,0.0067,0.6728,0.0155,0.6762,256,7,32,8,2M,ior_rw_n-32_ppn-8_tx-2M_1782526563.csv,378.5829287109375
write,778794.6467,393180.9406,0.0051,131072.0,2048.0,0.0064,0.3334,0.0119,0.3366,256,8,32,8,2M,ior_rw_n-32_ppn-8_tx-2M_1782526563.csv,760.5416471679688
read,388258.5184,195053.106,0.0103,131072.0,2048.0,0.0064,0.672,0.0169,0.6752,256,8,32,8,2M,ior_rw_n-32_ppn-8_tx-2M_1782526563.csv,379.158709375
write,779191.4691,393523.459,0.0051,131072.0,2048.0,0.0067,0.3331,0.0125,0.3364,256,9,32,8,2M,ior_rw_n-32_ppn-8_tx-2M_1782526563.csv,760.9291690429687
read,387130.0352,194513.8352,0.0103,131072.0,2048.0,0.0066,0.6738,0.0192,0.6771,256,9,32,8,2M,ior_rw_n-32_ppn-8_tx-2M_1782526563.csv,378.056675
