access,bw(MiB/s),IOPS,Latency,block(KiB),xfer(KiB),open(s),wr/rd(s),close(s),total(s),numTasks,iter,engine,cache,n,ppn,tx,timestamp,segments,run_id,filename,bw_MiB_s,latency_s,walltime_s,series,config
write,109381.5039,54766.9267,0.0231,131072.0,2048.0,0.0049,1.795,0.3537,1.7975,48,0,DFS,nocache,1,48,2M,1784748685,32,ior_rw_DFS_nocache_n-1_ppn-48_tx-2M_1784748685,ior_rw_DFS_nocache_n-1_ppn-48_tx-2M_1784748685.csv,109381.5039,0.0231,1.7975,write-cold,DFS
read,74441.5976,37252.6184,0.0407,131072.0,2048.0,0.0045,2.6388,0.0648,2.6411,48,0,DFS,nocache,1,48,2M,1784748685,32,ior_rw_DFS_nocache_n-1_ppn-48_tx-2M_1784748685,ior_rw_DFS_nocache_n-1_ppn-48_tx-2M_1784748685.csv,74441.5976,0.0407,2.6411,read,DFS
write,118218.2095,59179.3511,0.023,131072.0,2048.0,0.0039,1.6611,0.2227,1.6631,48,1,DFS,nocache,1,48,2M,1784748685,32,ior_rw_DFS_nocache_n-1_ppn-48_tx-2M_1784748685,ior_rw_DFS_nocache_n-1_ppn-48_tx-2M_1784748685.csv,118218.2095,0.023,1.6631,write-warm,DFS
read,75532.7374,37794.0697,0.0402,131072.0,2048.0,0.0039,2.601,0.0496,2.603,48,1,DFS,nocache,1,48,2M,1784748685,32,ior_rw_DFS_nocache_n-1_ppn-48_tx-2M_1784748685,ior_rw_DFS_nocache_n-1_ppn-48_tx-2M_1784748685.csv,75532.7374,0.0402,2.603,read,DFS
write,124938.8241,62558.1078,0.0228,131072.0,2048.0,0.0043,1.5714,0.139,1.5736,48,2,DFS,nocache,1,48,2M,1784748685,32,ior_rw_DFS_nocache_n-1_ppn-48_tx-2M_1784748685,ior_rw_DFS_nocache_n-1_ppn-48_tx-2M_1784748685.csv,124938.8241,0.0228,1.5736,write-warm,DFS
read,75768.2821,37915.5259,0.0403,131072.0,2048.0,0.0043,2.5927,0.0437,2.5949,48,2,DFS,nocache,1,48,2M,1784748685,32,ior_rw_DFS_nocache_n-1_ppn-48_tx-2M_1784748685,ior_rw_DFS_nocache_n-1_ppn-48_tx-2M_1784748685.csv,75768.2821,0.0403,2.5949,read,DFS
write,129312.6654,64748.271,0.0228,131072.0,2048.0,0.0042,1.5182,0.0926,1.5204,48,3,DFS,nocache,1,48,2M,1784748685,32,ior_rw_DFS_nocache_n-1_ppn-48_tx-2M_1784748685,ior_rw_DFS_nocache_n-1_ppn-48_tx-2M_1784748685.csv,129312.6654,0.0228,1.5204,write-warm,DFS
read,75834.3015,37945.9081,0.0403,131072.0,2048.0,0.004,2.5906,0.0475,2.5926,48,3,DFS,nocache,1,48,2M,1784748685,32,ior_rw_DFS_nocache_n-1_ppn-48_tx-2M_1784748685,ior_rw_DFS_nocache_n-1_ppn-48_tx-2M_1784748685.csv,75834.3015,0.0403,2.5926,read,DFS
write,131553.6593,65867.7964,0.0227,131072.0,2048.0,0.004,1.4924,0.0682,1.4945,48,4,DFS,nocache,1,48,2M,1784748685,32,ior_rw_DFS_nocache_n-1_ppn-48_tx-2M_1784748685,ior_rw_DFS_nocache_n-1_ppn-48_tx-2M_1784748685.csv,131553.6593,0.0227,1.4945,write-warm,DFS
read,76082.8582,38069.8305,0.0401,131072.0,2048.0,0.004,2.5822,0.0489,2.5841,48,4,DFS,nocache,1,48,2M,1784748685,32,ior_rw_DFS_nocache_n-1_ppn-48_tx-2M_1784748685,ior_rw_DFS_nocache_n-1_ppn-48_tx-2M_1784748685.csv,76082.8582,0.0401,2.5841,read,DFS
write,134090.9265,67146.623,0.0226,131072.0,2048.0,0.0043,1.464,0.0378,1.4662,48,5,DFS,nocache,1,48,2M,1784748685,32,ior_rw_DFS_nocache_n-1_ppn-48_tx-2M_1784748685,ior_rw_DFS_nocache_n-1_ppn-48_tx-2M_1784748685.csv,134090.9265,0.0226,1.4662,write-warm,DFS
read,76036.6341,38048.5975,0.0401,131072.0,2048.0,0.0041,2.5836,0.0394,2.5857,48,5,DFS,nocache,1,48,2M,1784748685,32,ior_rw_DFS_nocache_n-1_ppn-48_tx-2M_1784748685,ior_rw_DFS_nocache_n-1_ppn-48_tx-2M_1784748685.csv,76036.6341,0.0401,2.5857,read,DFS
write,135102.6459,67645.6472,0.0226,131072.0,2048.0,0.004,1.4532,0.0307,1.4552,48,6,DFS,nocache,1,48,2M,1784748685,32,ior_rw_DFS_nocache_n-1_ppn-48_tx-2M_1784748685,ior_rw_DFS_nocache_n-1_ppn-48_tx-2M_1784748685.csv,135102.6459,0.0226,1.4552,write-warm,DFS
read,76070.0566,38064.7485,0.0399,131072.0,2048.0,0.004,2.5825,0.0422,2.5846,48,6,DFS,nocache,1,48,2M,1784748685,32,ior_rw_DFS_nocache_n-1_ppn-48_tx-2M_1784748685,ior_rw_DFS_nocache_n-1_ppn-48_tx-2M_1784748685.csv,76070.0566,0.0399,2.5846,read,DFS
write,134723.4673,67469.8673,0.0227,131072.0,2048.0,0.0044,1.457,0.0403,1.4593,48,7,DFS,nocache,1,48,2M,1784748685,32,ior_rw_DFS_nocache_n-1_ppn-48_tx-2M_1784748685,ior_rw_DFS_nocache_n-1_ppn-48_tx-2M_1784748685.csv,134723.4673,0.0227,1.4593,write-warm,DFS
read,76081.5104,38071.56,0.0402,131072.0,2048.0,0.0042,2.5821,0.0361,2.5842,48,7,DFS,nocache,1,48,2M,1784748685,32,ior_rw_DFS_nocache_n-1_ppn-48_tx-2M_1784748685,ior_rw_DFS_nocache_n-1_ppn-48_tx-2M_1784748685.csv,76081.5104,0.0402,2.5842,read,DFS
write,134903.355,67553.9239,0.0227,131072.0,2048.0,0.0043,1.4552,0.0349,1.4574,48,8,DFS,nocache,1,48,2M,1784748685,32,ior_rw_DFS_nocache_n-1_ppn-48_tx-2M_1784748685,ior_rw_DFS_nocache_n-1_ppn-48_tx-2M_1784748685.csv,134903.355,0.0227,1.4574,write-warm,DFS
read,76180.1407,38119.8167,0.0402,131072.0,2048.0,0.004,2.5788,0.0373,2.5808,48,8,DFS,nocache,1,48,2M,1784748685,32,ior_rw_DFS_nocache_n-1_ppn-48_tx-2M_1784748685,ior_rw_DFS_nocache_n-1_ppn-48_tx-2M_1784748685.csv,76180.1407,0.0402,2.5808,read,DFS
write,135604.6296,67905.7284,0.0225,131072.0,2048.0,0.0043,1.4477,0.0301,1.4499,48,9,DFS,nocache,1,48,2M,1784748685,32,ior_rw_DFS_nocache_n-1_ppn-48_tx-2M_1784748685,ior_rw_DFS_nocache_n-1_ppn-48_tx-2M_1784748685.csv,135604.6296,0.0225,1.4499,write-warm,DFS
read,76055.225,38057.4967,0.0401,131072.0,2048.0,0.0041,2.583,0.0434,2.5851,48,9,DFS,nocache,1,48,2M,1784748685,32,ior_rw_DFS_nocache_n-1_ppn-48_tx-2M_1784748685,ior_rw_DFS_nocache_n-1_ppn-48_tx-2M_1784748685.csv,76055.225,0.0401,2.5851,read,DFS
write,40707.2505,20367.1872,0.0253,131072.0,2048.0,3.3341,4.8266,3.2093,4.8298,48,0,POSIX_IL,nocache,1,48,2M,1784662699,32,ior_rw_POSIX_IL_nocache_n-1_ppn-48_tx-2M_1784662699,ior_rw_POSIX_IL_nocache_n-1_ppn-48_tx-2M_1784662699.csv,40707.2505,0.0253,4.8298,write-cold,POSIX_IL
read,80928.5937,40501.5405,0.0371,131072.0,2048.0,0.003,2.4272,0.0566,2.4294,48,0,POSIX_IL,nocache,1,48,2M,1784662699,32,ior_rw_POSIX_IL_nocache_n-1_ppn-48_tx-2M_1784662699,ior_rw_POSIX_IL_nocache_n-1_ppn-48_tx-2M_1784662699.csv,80928.5937,0.0371,2.4294,read,POSIX_IL
write,34433.3698,17226.8893,0.025,131072.0,2048.0,3.3589,5.7064,4.1052,5.7098,48,0,POSIX_IL,nocache,1,48,2M,1784741267,32,ior_rw_POSIX_IL_nocache_n-1_ppn-48_tx-2M_1784741267,ior_rw_POSIX_IL_nocache_n-1_ppn-48_tx-2M_1784741267.csv,34433.3698,0.025,5.7098,write-cold,POSIX_IL
read,78078.0704,39067.8284,0.0291,131072.0,2048.0,0.0028,2.5162,0.653,2.5181,48,0,POSIX_IL,nocache,1,48,2M,1784741267,32,ior_rw_POSIX_IL_nocache_n-1_ppn-48_tx-2M_1784741267,ior_rw_POSIX_IL_nocache_n-1_ppn-48_tx-2M_1784741267.csv,78078.0704,0.0291,2.5181,read,POSIX_IL
write,129904.7589,65035.9182,0.0227,131072.0,2048.0,0.0059,1.5115,0.1016,1.5135,48,1,POSIX_IL,nocache,1,48,2M,1784741267,32,ior_rw_POSIX_IL_nocache_n-1_ppn-48_tx-2M_1784741267,ior_rw_POSIX_IL_nocache_n-1_ppn-48_tx-2M_1784741267.csv,129904.7589,0.0227,1.5135,write-warm,POSIX_IL
read,83211.0567,41641.4462,0.0365,131072.0,2048.0,0.0028,2.3607,0.0355,2.3628,48,1,POSIX_IL,nocache,1,48,2M,1784741267,32,ior_rw_POSIX_IL_nocache_n-1_ppn-48_tx-2M_1784741267,ior_rw_POSIX_IL_nocache_n-1_ppn-48_tx-2M_1784741267.csv,83211.0567,0.0365,2.3628,read,POSIX_IL
write,134053.0635,67116.3141,0.0223,131072.0,2048.0,0.0059,1.4647,0.0623,1.4666,48,2,POSIX_IL,nocache,1,48,2M,1784741267,32,ior_rw_POSIX_IL_nocache_n-1_ppn-48_tx-2M_1784741267,ior_rw_POSIX_IL_nocache_n-1_ppn-48_tx-2M_1784741267.csv,134053.0635,0.0223,1.4666,write-warm,POSIX_IL
read,83476.7717,41775.0499,0.0365,131072.0,2048.0,0.0028,2.3532,0.0358,2.3552,48,2,POSIX_IL,nocache,1,48,2M,1784741267,32,ior_rw_POSIX_IL_nocache_n-1_ppn-48_tx-2M_1784741267,ior_rw_POSIX_IL_nocache_n-1_ppn-48_tx-2M_1784741267.csv,83476.7717,0.0365,2.3552,read,POSIX_IL
write,137018.8081,68602.0072,0.0219,131072.0,2048.0,0.006,1.433,0.0441,1.4349,48,3,POSIX_IL,nocache,1,48,2M,1784741267,32,ior_rw_POSIX_IL_nocache_n-1_ppn-48_tx-2M_1784741267,ior_rw_POSIX_IL_nocache_n-1_ppn-48_tx-2M_1784741267.csv,137018.8081,0.0219,1.4349,write-warm,POSIX_IL
read,83742.5224,41908.2273,0.0362,131072.0,2048.0,0.0028,2.3457,0.0366,2.3478,48,3,POSIX_IL,nocache,1,48,2M,1784741267,32,ior_rw_POSIX_IL_nocache_n-1_ppn-48_tx-2M_1784741267,ior_rw_POSIX_IL_nocache_n-1_ppn-48_tx-2M_1784741267.csv,83742.5224,0.0362,2.3478,read,POSIX_IL
write,138087.3888,69137.4588,0.0218,131072.0,2048.0,0.006,1.4219,0.0376,1.4238,48,4,POSIX_IL,nocache,1,48,2M,1784741267,32,ior_rw_POSIX_IL_nocache_n-1_ppn-48_tx-2M_1784741267,ior_rw_POSIX_IL_nocache_n-1_ppn-48_tx-2M_1784741267.csv,138087.3888,0.0218,1.4238,write-warm,POSIX_IL
read,84049.5039,42062.3673,0.0361,131072.0,2048.0,0.0027,2.3371,0.0314,2.3392,48,4,POSIX_IL,nocache,1,48,2M,1784741267,32,ior_rw_POSIX_IL_nocache_n-1_ppn-48_tx-2M_1784741267,ior_rw_POSIX_IL_nocache_n-1_ppn-48_tx-2M_1784741267.csv,84049.5039,0.0361,2.3392,read,POSIX_IL
write,33735.7024,16878.1387,0.0265,131072.0,2048.0,3.3225,5.8243,4.1261,5.8279,48,0,POSIX_IL,nocache,1,48,2M,1784741836,32,ior_rw_POSIX_IL_nocache_n-1_ppn-48_tx-2M_1784741836,ior_rw_POSIX_IL_nocache_n-1_ppn-48_tx-2M_1784741836.csv,33735.7024,0.0265,5.8279,write-cold,POSIX_IL
read,81171.1597,40617.4407,0.034,131072.0,2048.0,0.0028,2.4202,0.2443,2.4221,48,0,POSIX_IL,nocache,1,48,2M,1784741836,32,ior_rw_POSIX_IL_nocache_n-1_ppn-48_tx-2M_1784741836,ior_rw_POSIX_IL_nocache_n-1_ppn-48_tx-2M_1784741836.csv,81171.1597,0.034,2.4221,read,POSIX_IL
write,124146.6914,62145.7042,0.0238,131072.0,2048.0,0.0057,1.5818,0.081,1.5837,48,1,POSIX_IL,nocache,1,48,2M,1784741836,32,ior_rw_POSIX_IL_nocache_n-1_ppn-48_tx-2M_1784741836,ior_rw_POSIX_IL_nocache_n-1_ppn-48_tx-2M_1784741836.csv,124146.6914,0.0238,1.5837,write-warm,POSIX_IL
read,85859.6358,42966.2194,0.0355,131072.0,2048.0,0.0026,2.2879,0.0409,2.2899,48,1,POSIX_IL,nocache,1,48,2M,1784741836,32,ior_rw_POSIX_IL_nocache_n-1_ppn-48_tx-2M_1784741836,ior_rw_POSIX_IL_nocache_n-1_ppn-48_tx-2M_1784741836.csv,85859.6358,0.0355,2.2899,read,POSIX_IL
write,127433.1962,63796.6902,0.0234,131072.0,2048.0,0.0059,1.5409,0.064,1.5428,48,2,POSIX_IL,nocache,1,48,2M,1784741836,32,ior_rw_POSIX_IL_nocache_n-1_ppn-48_tx-2M_1784741836,ior_rw_POSIX_IL_nocache_n-1_ppn-48_tx-2M_1784741836.csv,127433.1962,0.0234,1.5428,write-warm,POSIX_IL
read,85735.8851,42905.6098,0.0354,131072.0,2048.0,0.0027,2.2912,0.0285,2.2932,48,2,POSIX_IL,nocache,1,48,2M,1784741836,32,ior_rw_POSIX_IL_nocache_n-1_ppn-48_tx-2M_1784741836,ior_rw_POSIX_IL_nocache_n-1_ppn-48_tx-2M_1784741836.csv,85735.8851,0.0354,2.2932,read,POSIX_IL
write,128835.4308,64502.6282,0.0235,131072.0,2048.0,0.0061,1.524,0.047,1.526,48,3,POSIX_IL,nocache,1,48,2M,1784741836,32,ior_rw_POSIX_IL_nocache_n-1_ppn-48_tx-2M_1784741836,ior_rw_POSIX_IL_nocache_n-1_ppn-48_tx-2M_1784741836.csv,128835.4308,0.0235,1.526,write-warm,POSIX_IL
read,85494.2989,42786.9311,0.0356,131072.0,2048.0,0.0027,2.2975,0.0362,2.2997,48,3,POSIX_IL,nocache,1,48,2M,1784741836,32,ior_rw_POSIX_IL_nocache_n-1_ppn-48_tx-2M_1784741836,ior_rw_POSIX_IL_nocache_n-1_ppn-48_tx-2M_1784741836.csv,85494.2989,0.0356,2.2997,read,POSIX_IL
write,129438.0632,64800.4737,0.0234,131072.0,2048.0,0.0059,1.517,0.0508,1.5189,48,4,POSIX_IL,nocache,1,48,2M,1784741836,32,ior_rw_POSIX_IL_nocache_n-1_ppn-48_tx-2M_1784741836,ior_rw_POSIX_IL_nocache_n-1_ppn-48_tx-2M_1784741836.csv,129438.0632,0.0234,1.5189,write-warm,POSIX_IL
read,85550.3983,42813.1125,0.0356,131072.0,2048.0,0.0028,2.2961,0.0354,2.2982,48,4,POSIX_IL,nocache,1,48,2M,1784741836,32,ior_rw_POSIX_IL_nocache_n-1_ppn-48_tx-2M_1784741836,ior_rw_POSIX_IL_nocache_n-1_ppn-48_tx-2M_1784741836.csv,85550.3983,0.0356,2.2982,read,POSIX_IL
write,647.09,323.5739,4.7458,131072.0,2048.0,0.6596,303.8069,6.3747,303.8341,48,0,POSIX,nocache,1,48,2M,1784662297,32,ior_rw_POSIX_nocache_n-1_ppn-48_tx-2M_1784662297,ior_rw_POSIX_nocache_n-1_ppn-48_tx-2M_1784662297.csv,647.09,4.7458,303.8341,write-cold,POSIX
read,3442.6701,1722.3695,0.8858,131072.0,2048.0,0.3666,57.0749,3.5016,57.1092,48,0,POSIX,nocache,1,48,2M,1784662297,32,ior_rw_POSIX_nocache_n-1_ppn-48_tx-2M_1784662297,ior_rw_POSIX_nocache_n-1_ppn-48_tx-2M_1784662297.csv,3442.6701,0.8858,57.1092,read,POSIX
write,646.0296,323.0313,4.2472,131072.0,2048.0,0.1994,304.3172,32.4981,304.3328,48,0,POSIX,nocache,1,48,2M,1784663079,32,ior_rw_POSIX_nocache_n-1_ppn-48_tx-2M_1784663079,ior_rw_POSIX_nocache_n-1_ppn-48_tx-2M_1784663079.csv,646.0296,4.2472,304.3328,write-cold,POSIX
read,3236.1117,1620.6352,0.9443,131072.0,2048.0,0.3212,60.6577,0.7437,60.7544,48,0,POSIX,nocache,1,48,2M,1784663079,32,ior_rw_POSIX_nocache_n-1_ppn-48_tx-2M_1784663079,ior_rw_POSIX_nocache_n-1_ppn-48_tx-2M_1784663079.csv,3236.1117,0.9443,60.7544,read,POSIX
write,901.435,450.7349,3.3195,131072.0,2048.0,0.1726,218.0972,5.6496,218.1056,48,1,POSIX,nocache,1,48,2M,1784663079,32,ior_rw_POSIX_nocache_n-1_ppn-48_tx-2M_1784663079,ior_rw_POSIX_nocache_n-1_ppn-48_tx-2M_1784663079.csv,901.435,3.3195,218.1056,write-warm,POSIX
read,3429.7076,1722.5374,0.8885,131072.0,2048.0,0.4274,57.0693,1.2358,57.325,48,1,POSIX,nocache,1,48,2M,1784663079,32,ior_rw_POSIX_nocache_n-1_ppn-48_tx-2M_1784663079,ior_rw_POSIX_nocache_n-1_ppn-48_tx-2M_1784663079.csv,3429.7076,0.8885,57.325,read,POSIX
write,755.3905,377.711,3.4279,131072.0,2048.0,0.2366,260.2625,41.8723,260.2733,48,2,POSIX,nocache,1,48,2M,1784663079,32,ior_rw_POSIX_nocache_n-1_ppn-48_tx-2M_1784663079,ior_rw_POSIX_nocache_n-1_ppn-48_tx-2M_1784663079.csv,755.3905,3.4279,260.2733,write-warm,POSIX
read,3317.8111,1664.8166,0.9148,131072.0,2048.0,0.5939,59.0479,1.2728,59.2583,48,2,POSIX,nocache,1,48,2M,1784663079,32,ior_rw_POSIX_nocache_n-1_ppn-48_tx-2M_1784663079,ior_rw_POSIX_nocache_n-1_ppn-48_tx-2M_1784663079.csv,3317.8111,0.9148,59.2583,read,POSIX
write,870.6544,435.4213,3.4111,131072.0,2048.0,1.3632,225.7676,7.4544,225.8164,48,3,POSIX,nocache,1,48,2M,1784663079,32,ior_rw_POSIX_nocache_n-1_ppn-48_tx-2M_1784663079,ior_rw_POSIX_nocache_n-1_ppn-48_tx-2M_1784663079.csv,870.6544,3.4111,225.8164,write-warm,POSIX
read,3373.4509,1687.5343,0.8953,131072.0,2048.0,0.4673,58.253,3.9352,58.281,48,3,POSIX,nocache,1,48,2M,1784663079,32,ior_rw_POSIX_nocache_n-1_ppn-48_tx-2M_1784663079,ior_rw_POSIX_nocache_n-1_ppn-48_tx-2M_1784663079.csv,3373.4509,0.8953,58.281,read,POSIX
write,503.7824,252.0378,5.6387,131072.0,2048.0,5.5775,390.0368,29.1617,390.2638,48,4,POSIX,nocache,1,48,2M,1784663079,32,ior_rw_POSIX_nocache_n-1_ppn-48_tx-2M_1784663079,ior_rw_POSIX_nocache_n-1_ppn-48_tx-2M_1784663079.csv,503.7824,5.6387,390.2638,write-warm,POSIX
read,3287.9123,1645.2108,0.9047,131072.0,2048.0,0.2751,59.7516,2.303,59.7972,48,4,POSIX,nocache,1,48,2M,1784663079,32,ior_rw_POSIX_nocache_n-1_ppn-48_tx-2M_1784663079,ior_rw_POSIX_nocache_n-1_ppn-48_tx-2M_1784663079.csv,3287.9123,0.9047,59.7972,read,POSIX
write,1014.0264,507.0535,2.9834,131072.0,2048.0,0.202,193.873,7.1673,193.8885,48,0,POSIX,nocache,1,48,2M,1784667068,32,ior_rw_POSIX_nocache_n-1_ppn-48_tx-2M_1784667068,ior_rw_POSIX_nocache_n-1_ppn-48_tx-2M_1784667068.csv,1014.0264,2.9834,193.8885,write-cold,POSIX
read,3348.6042,1675.7974,0.8852,131072.0,2048.0,0.3723,58.661,2.0048,58.7134,48,0,POSIX,nocache,1,48,2M,1784667068,32,ior_rw_POSIX_nocache_n-1_ppn-48_tx-2M_1784667068,ior_rw_POSIX_nocache_n-1_ppn-48_tx-2M_1784667068.csv,3348.6042,0.8852,58.7134,read,POSIX
write,722.8168,361.431,4.1212,131072.0,2048.0,0.4236,271.9855,8.23,272.0025,48,1,POSIX,nocache,1,48,2M,1784667068,32,ior_rw_POSIX_nocache_n-1_ppn-48_tx-2M_1784667068,ior_rw_POSIX_nocache_n-1_ppn-48_tx-2M_1784667068.csv,722.8168,4.1212,272.0025,write-warm,POSIX
read,3317.3785,1660.734,0.9159,131072.0,2048.0,0.4564,59.1931,3.2963,59.2661,48,1,POSIX,nocache,1,48,2M,1784667068,32,ior_rw_POSIX_nocache_n-1_ppn-48_tx-2M_1784667068,ior_rw_POSIX_nocache_n-1_ppn-48_tx-2M_1784667068.csv,3317.3785,0.9159,59.2661,read,POSIX
write,804.8748,402.4629,3.7585,131072.0,2048.0,1.2372,244.2561,20.4106,244.2715,48,2,POSIX,nocache,1,48,2M,1784667068,32,ior_rw_POSIX_nocache_n-1_ppn-48_tx-2M_1784667068,ior_rw_POSIX_nocache_n-1_ppn-48_tx-2M_1784667068.csv,804.8748,3.7585,244.2715,write-warm,POSIX
read,3330.6942,1666.5219,0.9186,131072.0,2048.0,0.2047,58.9875,0.6141,59.0291,48,2,POSIX,nocache,1,48,2M,1784667068,32,ior_rw_POSIX_nocache_n-1_ppn-48_tx-2M_1784667068,ior_rw_POSIX_nocache_n-1_ppn-48_tx-2M_1784667068.csv,3330.6942,0.9186,59.0291,read,POSIX
write,802.8868,401.4731,3.7093,131072.0,2048.0,0.5731,244.8583,7.4601,244.8764,48,3,POSIX,nocache,1,48,2M,1784667068,32,ior_rw_POSIX_nocache_n-1_ppn-48_tx-2M_1784667068,ior_rw_POSIX_nocache_n-1_ppn-48_tx-2M_1784667068.csv,802.8868,3.7093,244.8764,write-warm,POSIX
read,3291.0613,1650.7596,0.9216,131072.0,2048.0,0.4324,59.5508,1.5926,59.74,48,3,POSIX,nocache,1,48,2M,1784667068,32,ior_rw_POSIX_nocache_n-1_ppn-48_tx-2M_1784667068,ior_rw_POSIX_nocache_n-1_ppn-48_tx-2M_1784667068.csv,3291.0613,0.9216,59.74,read,POSIX
write,537.1915,268.6298,5.6391,131072.0,2048.0,1.3617,365.946,6.4391,365.9924,48,4,POSIX,nocache,1,48,2M,1784667068,32,ior_rw_POSIX_nocache_n-1_ppn-48_tx-2M_1784667068,ior_rw_POSIX_nocache_n-1_ppn-48_tx-2M_1784667068.csv,537.1915,5.6391,365.9924,write-warm,POSIX
read,3221.0415,1614.9628,0.8772,131072.0,2048.0,0.3054,60.8708,8.1471,61.0386,48,4,POSIX,nocache,1,48,2M,1784667068,32,ior_rw_POSIX_nocache_n-1_ppn-48_tx-2M_1784667068,ior_rw_POSIX_nocache_n-1_ppn-48_tx-2M_1784667068.csv,3221.0415,0.8772,61.0386,read,POSIX
write,826.7288,413.3859,3.647,131072.0,2048.0,0.1848,237.802,4.3952,237.8144,48,0,POSIX,nocache,1,48,2M,1784742252,32,ior_rw_POSIX_nocache_n-1_ppn-48_tx-2M_1784742252,ior_rw_POSIX_nocache_n-1_ppn-48_tx-2M_1784742252.csv,826.7288,3.647,237.8144,write-cold,POSIX
read,3434.7332,1720.0705,0.8881,131072.0,2048.0,0.3986,57.1511,1.1137,57.2411,48,0,POSIX,nocache,1,48,2M,1784742252,32,ior_rw_POSIX_nocache_n-1_ppn-48_tx-2M_1784742252,ior_rw_POSIX_nocache_n-1_ppn-48_tx-2M_1784742252.csv,3434.7332,0.8881,57.2411,read,POSIX
write,763.0545,381.5416,3.9336,131072.0,2048.0,0.1774,257.6495,6.5026,257.6592,48,1,POSIX,nocache,1,48,2M,1784742252,32,ior_rw_POSIX_nocache_n-1_ppn-48_tx-2M_1784742252,ior_rw_POSIX_nocache_n-1_ppn-48_tx-2M_1784742252.csv,763.0545,3.9336,257.6592,write-warm,POSIX
read,3446.0323,1726.3316,0.8856,131072.0,2048.0,0.3426,56.9439,0.6258,57.0534,48,1,POSIX,nocache,1,48,2M,1784742252,32,ior_rw_POSIX_nocache_n-1_ppn-48_tx-2M_1784742252,ior_rw_POSIX_nocache_n-1_ppn-48_tx-2M_1784742252.csv,3446.0323,0.8856,57.0534,read,POSIX
write,1025.8988,512.9877,2.8894,131072.0,2048.0,0.1874,191.6303,7.4462,191.6446,48,0,POSIX,nocache,1,48,2M,1784744312,32,ior_rw_POSIX_nocache_n-1_ppn-48_tx-2M_1784744312,ior_rw_POSIX_nocache_n-1_ppn-48_tx-2M_1784744312.csv,1025.8988,2.8894,191.6446,write-cold,POSIX
read,3363.3384,1684.0611,0.8933,131072.0,2048.0,0.3603,58.3732,2.6367,58.4562,48,0,POSIX,nocache,1,48,2M,1784744312,32,ior_rw_POSIX_nocache_n-1_ppn-48_tx-2M_1784744312,ior_rw_POSIX_nocache_n-1_ppn-48_tx-2M_1784744312.csv,3363.3384,0.8933,58.4562,read,POSIX
